name,export_rva,target_rva,target_size,source,status,notes
_compress2,,0x0068AAB0,169,Code/Libraries/Source/Compression/ZLib/compress.c,matched,vendored=zlib-1.1.4
_compress,,0x0068AB60,31,Code/Libraries/Source/Compression/ZLib/compress.c,matched,vendored=zlib-1.1.4
_uncompress,,0x0068DA00,156,Code/Libraries/Source/Compression/ZLib/uncompr.c,matched,vendored=zlib-1.1.4
_deflateSetDictionary,,0x0068EDA0,238,Code/Libraries/Source/Compression/ZLib/deflate.c,matched,vendored=zlib-1.1.4
_putShortMSB,,0x0068EE90,39,Code/Libraries/Source/Compression/ZLib/deflate.c,matched,vendored=zlib-1.1.4
_flush_pending,,0x0068EEC0,100,Code/Libraries/Source/Compression/ZLib/deflate.c,matched,vendored=zlib-1.1.4
_deflate,,0x0068EF30,656,Code/Libraries/Source/Compression/ZLib/deflate.c,matched,vendored=zlib-1.1.4
_deflateEnd,,0x0068F1C0,178,Code/Libraries/Source/Compression/ZLib/deflate.c,matched,vendored=zlib-1.1.4
_deflateCopy,,0x0068F280,423,Code/Libraries/Source/Compression/ZLib/deflate.c,matched,vendored=zlib-1.1.4
_read_buf,,0x0068F430,109,Code/Libraries/Source/Compression/ZLib/deflate.c,matched,vendored=zlib-1.1.4
_lm_init,,0x0068F4A0,135,Code/Libraries/Source/Compression/ZLib/deflate.c,matched,vendored=zlib-1.1.4
_longest_match,,0x0068F530,359,Code/Libraries/Source/Compression/ZLib/deflate.c,matched,vendored=zlib-1.1.4
_fill_window,,0x0068F6A0,392,Code/Libraries/Source/Compression/ZLib/deflate.c,matched,vendored=zlib-1.1.4
_deflate_stored,,0x0068F830,525,Code/Libraries/Source/Compression/ZLib/deflate.c,matched,vendored=zlib-1.1.4
_deflate_fast,,0x0068FA40,867,Code/Libraries/Source/Compression/ZLib/deflate.c,matched,vendored=zlib-1.1.4
_deflate_slow,,0x0068FDB0,994,Code/Libraries/Source/Compression/ZLib/deflate.c,matched,vendored=zlib-1.1.4
_deflateReset,,0x006901A0,114,Code/Libraries/Source/Compression/ZLib/deflate.c,matched,vendored=zlib-1.1.4
_deflateParams,,0x00690220,631,Code/Libraries/Source/Compression/ZLib/deflate.c,matched,vendored=zlib-1.1.4
_deflateInit2_,,0x006904A0,490,Code/Libraries/Source/Compression/ZLib/deflate.c,matched,vendored=zlib-1.1.4
_deflateInit_,,0x00690690,37,Code/Libraries/Source/Compression/ZLib/deflate.c,matched,vendored=zlib-1.1.4
_inflateReset,,0x006906C0,66,Code/Libraries/Source/Compression/ZLib/inflate.c,matched,vendored=zlib-1.1.4
_inflateEnd,,0x00690710,72,Code/Libraries/Source/Compression/ZLib/inflate.c,matched,vendored=zlib-1.1.4
_inflateInit2_,,0x00690760,250,Code/Libraries/Source/Compression/ZLib/inflate.c,matched,vendored=zlib-1.1.4
_inflateInit_,,0x00690860,26,Code/Libraries/Source/Compression/ZLib/inflate.c,matched,vendored=zlib-1.1.4
_inflate,,0x00690880,1020,Code/Libraries/Source/Compression/ZLib/inflate.c,matched,vendored=zlib-1.1.4
_inflateSetDictionary,,0x00690C80,129,Code/Libraries/Source/Compression/ZLib/inflate.c,matched,vendored=zlib-1.1.4
_inflateSync,,0x00690D10,198,Code/Libraries/Source/Compression/ZLib/inflate.c,matched,vendored=zlib-1.1.4
_inflateSyncPoint,,0x00690DE0,37,Code/Libraries/Source/Compression/ZLib/inflate.c,matched,vendored=zlib-1.1.4
_adler32,,0x00692AC0,297,Code/Libraries/Source/Compression/ZLib/adler32.c,matched,stock zlib 1.1.4 adler32.c as vendored in the tree
_init_block,,0x00692BF0,100,Code/Libraries/Source/Compression/ZLib/trees.c,matched,vendored=zlib-1.1.4
_pqdownheap,,0x00692C60,196,Code/Libraries/Source/Compression/ZLib/trees.c,matched,vendored=zlib-1.1.4
_gen_bitlen,,0x00692D30,563,Code/Libraries/Source/Compression/ZLib/trees.c,matched,vendored=zlib-1.1.4
_scan_tree,,0x00692F70,216,Code/Libraries/Source/Compression/ZLib/trees.c,matched,vendored=zlib-1.1.4
_send_tree,,0x00693050,1290,Code/Libraries/Source/Compression/ZLib/trees.c,matched,vendored=zlib-1.1.4
_send_all_trees,,0x00693560,621,Code/Libraries/Source/Compression/ZLib/trees.c,matched,vendored=zlib-1.1.4
__tr_tally,,0x006937D0,161,Code/Libraries/Source/Compression/ZLib/trees.c,matched,vendored=zlib-1.1.4
_compress_block,,0x00693880,1055,Code/Libraries/Source/Compression/ZLib/trees.c,matched,vendored=zlib-1.1.4
_set_data_type,,0x00693CA0,129,Code/Libraries/Source/Compression/ZLib/trees.c,matched,vendored=zlib-1.1.4
_bi_reverse,,0x00693D30,23,Code/Libraries/Source/Compression/ZLib/trees.c,matched,vendored=zlib-1.1.4
_bi_flush,,0x00693D50,127,Code/Libraries/Source/Compression/ZLib/trees.c,matched,vendored=zlib-1.1.4
_bi_windup,,0x00693DD0,109,Code/Libraries/Source/Compression/ZLib/trees.c,matched,vendored=zlib-1.1.4
_copy_block,,0x00693E40,130,Code/Libraries/Source/Compression/ZLib/trees.c,matched,vendored=zlib-1.1.4
__tr_init,,0x00693ED0,100,Code/Libraries/Source/Compression/ZLib/trees.c,matched,vendored=zlib-1.1.4
_gen_codes,,0x00693F40,113,Code/Libraries/Source/Compression/ZLib/trees.c,matched,vendored=zlib-1.1.4
_build_tree,,0x00693FC0,498,Code/Libraries/Source/Compression/ZLib/trees.c,matched,vendored=zlib-1.1.4
_build_bl_tree,,0x006941C0,108,Code/Libraries/Source/Compression/ZLib/trees.c,matched,vendored=zlib-1.1.4
__tr_stored_block,,0x00694230,160,Code/Libraries/Source/Compression/ZLib/trees.c,matched,vendored=zlib-1.1.4
__tr_align,,0x006942D0,497,Code/Libraries/Source/Compression/ZLib/trees.c,matched,vendored=zlib-1.1.4
__tr_flush_block,,0x006944D0,485,Code/Libraries/Source/Compression/ZLib/trees.c,matched,vendored=zlib-1.1.4
_zcalloc,,0x006946F0,20,Code/Libraries/Source/Compression/ZLib/zutil.c,matched,vendored=zlib-1.1.4
_inflate_blocks_reset,,0x00694720,123,Code/Libraries/Source/Compression/ZLib/infblock.c,matched,vendored=zlib-1.1.4
_inflate_blocks_new,,0x006947A0,155,Code/Libraries/Source/Compression/ZLib/infblock.c,matched,vendored=zlib-1.1.4
_inflate_blocks,,0x00694840,2960,Code/Libraries/Source/Compression/ZLib/infblock.c,matched,vendored=zlib-1.1.4
_inflate_blocks_free,,0x006953D0,132,Code/Libraries/Source/Compression/ZLib/infblock.c,matched,vendored=zlib-1.1.4
_inflate_set_dictionary,,0x00695460,49,Code/Libraries/Source/Compression/ZLib/infblock.c,matched,vendored=zlib-1.1.4
_inflate_blocks_sync_point,,0x006954A0,15,Code/Libraries/Source/Compression/ZLib/infblock.c,matched,vendored=zlib-1.1.4
_inflate_codes_new,,0x006954B0,57,Code/Libraries/Source/Compression/ZLib/infcodes.c,matched,vendored=zlib-1.1.4
_inflate_codes,,0x006954F0,1812,Code/Libraries/Source/Compression/ZLib/infcodes.c,matched,vendored=zlib-1.1.4
_inflate_codes_free,,0x00695C10,20,Code/Libraries/Source/Compression/ZLib/infcodes.c,matched,vendored=zlib-1.1.4
_huft_build,,0x00695C30,1256,Code/Libraries/Source/Compression/ZLib/inftrees.c,matched,vendored=zlib-1.1.4
_inflate_trees_bits,,0x00696120,163,Code/Libraries/Source/Compression/ZLib/inftrees.c,matched,vendored=zlib-1.1.4
_inflate_trees_dynamic,,0x006961D0,387,Code/Libraries/Source/Compression/ZLib/inftrees.c,matched,vendored=zlib-1.1.4
_inflate_trees_fixed,,0x00696360,46,Code/Libraries/Source/Compression/ZLib/inftrees.c,matched,vendored=zlib-1.1.4
_inflate_flush,,0x00696390,300,Code/Libraries/Source/Compression/ZLib/infutil.c,matched,vendored=zlib-1.1.4
_inflate_fast,,0x006964C0,917,Code/Libraries/Source/Compression/ZLib/inffast.c,matched,vendored=zlib-1.1.4
?MD5Init@@YAXPAUMD5_CTX@@@Z,,0x00606220,40,Code/Libraries/Source/WWVegas/WWLib/md5.cpp,matched,
?Encode@@YAXPAEPAKI@Z,,0x00606250,49,Code/Libraries/Source/WWVegas/WWLib/md5.cpp,matched,
?Decode@@YAXPAKPAEI@Z,,0x00606290,57,Code/Libraries/Source/WWVegas/WWLib/md5.cpp,matched,
?MD5Transform@@YAXQAKQAE@Z,,0x00606360,2268,Code/Libraries/Source/WWVegas/WWLib/md5.cpp,matched,
?MD5Update@@YAXPAUMD5_CTX@@PAEI@Z,,0x00606C40,185,Code/Libraries/Source/WWVegas/WWLib/md5.cpp,matched,Open-BFME5 canonical C++ conversion using retail intrinsic memcpy
?MD5Final@@YAXQAEPAUMD5_CTX@@@Z,,0x00606D00,174,Code/Libraries/Source/WWVegas/WWLib/md5.cpp,matched,
?getCompressionType@CompressionManager@@SA?AW4CompressionType@@PBXH@Z,,0x0068A1B0,233,Code/Libraries/Source/Compression/CompressionManager_decompressData.cpp,matched,promoted from exact clean C++ proxy; proper CompressionManager owner
?getUncompressedSize@CompressionManager@@SAHPBXH@Z,,0x0068A320,49,Code/Libraries/Source/Compression/CompressionManager_decompressData.cpp,matched,promoted from exact clean C++ proxy; proper CompressionManager owner
?decompressData@CompressionManager@@SAHPBXHPAXH@Z,,0x0068A4E0,240,Code/Libraries/Source/Compression/CompressionManager_decompressData.cpp,matched,reference body unchanged; named by a byte-true call site in CachedFileInputStream_open_Thunk.cpp and confirmed arm for arm by the compression-type constants
?isDataCompressed@CompressionManager@@SA_NPBXH@Z,,0x0068A5D0,25,Code/Libraries/Source/Compression/CompressionManager_decompressData.cpp,matched,promoted from exact clean C++ proxy; proper CompressionManager owner
?DecompressMemory@@YA_NPAXH0AAH@Z,,0x0068A7B0,197,Code/Libraries/Source/Compression/LZHCompress/NoxCompress.cpp,matched,Open-BFME5 clean C++; EA reference Nox LZH decompressor
?matchlen@@YAIPAE0I@Z,,0x0068AB80,35,Code/Libraries/Source/Compression/EAC/refencode.cpp,matched,
?refcompress@@YAHPAEH0HH@Z,,0x0068ABB0,1095,Code/Libraries/Source/Compression/EAC/refencode.cpp,matched,real C++; needed galloc/gfree as __cdecl dllimports (they are IAT slots)
?HUFF_deltabytes@@YAXPBXPAXH@Z,,0x0068B0C0,36,Code/Libraries/Source/Compression/EAC/huffencode.cpp,matched,
?HUFF_writebits@@YAXPAUHuffEncodeContext@@PAUHUFFMemStruct@@II@Z,,0x0068B0F0,180,Code/Libraries/Source/Compression/EAC/huffencode.cpp,matched,
?HUFF_treechase@@YAXPAUHuffEncodeContext@@II@Z,,0x0068B1B0,85,Code/Libraries/Source/Compression/EAC/huffencode.cpp,matched,
?HUFF_maketree@@YAXPAUHuffEncodeContext@@@Z,,0x0068B210,398,Code/Libraries/Source/Compression/EAC/huffencode.cpp,matched,
?HUFF_minrep@@YAHPAUHuffEncodeContext@@II@Z,,0x0068B3A0,174,Code/Libraries/Source/Compression/EAC/huffencode.cpp,matched,
?HUFF_writenum@@YAXPAUHuffEncodeContext@@PAUHUFFMemStruct@@I@Z,,0x0068B450,348,Code/Libraries/Source/Compression/EAC/huffencode.cpp,matched,
?HUFF_writeexp@@YAXPAUHuffEncodeContext@@PAUHUFFMemStruct@@I@Z,,0x0068B5B0,90,Code/Libraries/Source/Compression/EAC/huffencode.cpp,matched,
?HUFF_writecode@@YAXPAUHuffEncodeContext@@PAUHUFFMemStruct@@I@Z,,0x0068B610,55,Code/Libraries/Source/Compression/EAC/huffencode.cpp,matched,
?HUFF_init@@YAXPAUHuffEncodeContext@@@Z,,0x0068B650,292,Code/Libraries/Source/Compression/EAC/huffencode.cpp,matched,
?HUFF_analysis@@YAXPAUHuffEncodeContext@@II@Z,,0x0068B780,2599,Code/Libraries/Source/Compression/EAC/huffencode.cpp,matched,true size 2599B; row claimed 453B
?HUFF_pack@@YAXPAUHuffEncodeContext@@PAUHUFFMemStruct@@I@Z,,0x0068C1B0,1358,Code/Libraries/Source/Compression/EAC/huffencode.cpp,matched,
?HUFF_packfile@@YAHPAUHuffEncodeContext@@PAUHUFFMemStruct@@1HH@Z,,0x0068C700,473,Code/Libraries/Source/Compression/EAC/huffencode.cpp,matched,
_HUFF_encode@16,,0x0068C8E0,200,Code/Libraries/Source/Compression/EAC/huffencode.cpp,matched,pristine Lua 4.0.1 upstream source; located by masked-body search
?BTREE_writebits@@YAXPAUBTreeEncodeContext@@PAUBTREEMemStruct@@II@Z,,0x0068C9B0,137,Code/Libraries/Source/Compression/EAC/btreeencode.cpp,matched,
?BTREE_adjcount@@YAXPAE0PAF@Z,,0x0068CA40,365,Code/Libraries/Source/Compression/EAC/btreeencode.cpp,matched,
?BTREE_clearcount@@YAXPAEPAF@Z,,0x0068CBB0,99,Code/Libraries/Source/Compression/EAC/btreeencode.cpp,matched,
?BTREE_joinnodes@@YAXPAUBTreeEncodeContext@@PAE11I@Z,,0x0068CC20,154,Code/Libraries/Source/Compression/EAC/btreeencode.cpp,matched,
?BTREE_findbest@@YAIPAFPAEPAI2H@Z,,0x0068CCC0,357,Code/Libraries/Source/Compression/EAC/btreeencode.cpp,matched,
?BTREE_treepack@@YAXPAUBTreeEncodeContext@@PAUBTREEMemStruct@@IIIH@Z,,0x0068CE30,2593,Code/Libraries/Source/Compression/EAC/btreeencode.cpp,matched,real C++ already in tree; row pointed at the MASM dump (true size 2593B)
?BTREE_compressfile@@YAHPAUBTreeEncodeContext@@PAUBTREEMemStruct@@1HH@Z,,0x0068D860,305,Code/Libraries/Source/Compression/EAC/btreeencode.cpp,matched,
_BTREE_encode@16,,0x0068D9A0,92,Code/Libraries/Source/Compression/EAC/btreeencode.cpp,matched,
_REF_decode@12,,0x0068DAA0,444,Code/Libraries/Source/Compression/EAC/refdecode.cpp,matched,
_ggetm,,0x0068DC60,82,Code/Libraries/Source/Compression/EAC/refdecode.cpp,matched,
dup_822d90,,0x0068DC60,82,Code/Libraries/Source/Compression/EAC/huffdecode.cpp,matched,dup-of=_ggetm;object-symbol=_ggetm;second static ggetm copy emitted into huffdecode.obj
_REF_is@4,,0x0068DCC0,52,Code/Libraries/Source/Compression/EAC/refdecode.cpp,matched,stock EAC codec source; ggetm inlines here as it does in retail
_REF_size@4,,0x0068DD00,56,Code/Libraries/Source/Compression/EAC/refdecode.cpp,matched,stock EAC codec source; ggetm is a static switch that inlines on constant byte counts
?HUFF_decompress@@YAHPAE0@Z,,0x0068DD40,3195,Code/Libraries/Source/Compression/EAC/huffdecode.cpp,matched,true size 3195B; row claimed 3161B
_HUFF_is@4,,0x0068E9C0,116,Code/Libraries/Source/Compression/EAC/huffdecode.cpp,matched,stock EAC codec source; ggetm inlines here as it does in retail
_HUFF_decode@12,,0x0068EA80,20,Code/Libraries/Source/Compression/EAC/huffdecode.cpp,matched,
?BTREE_chase@@YAXPAUBTreeDecodeContext@@E@Z,,0x0068EAA0,74,Code/Libraries/Source/Compression/EAC/btreedecode.cpp,matched,
_BTREE_is@4,,0x0068EAF0,41,Code/Libraries/Source/Compression/EAC/btreedecode.cpp,matched,stock EAC codec source; ggetm inlines here as it does in retail
_BTREE_decode@12,,0x0068EC70,16,Code/Libraries/Source/Compression/EAC/btreedecode.cpp,matched,
?LZHLCreateDecompressor@@YAPAXXZ,,0x0068ECE0,27,Code/Libraries/Source/Compression/LZHCompress/NoxCompress.cpp,matched,LZH-Light decompressor factory wrapper
?LZHLDecompress@@YAHPAXPAEPAIPBE2@Z,,0x0068ED00,30,Code/Libraries/Source/Compression/LZHCompress/NoxCompress.cpp,matched,LZH-Light decompression wrapper
?_calcHash@@YAKPBE@Z,,0x00690E10,31,Code/Libraries/Source/Compression/LZHCompress/CompLibSource/Lz.cpp,matched,vendored=lzhl-1.0
?_nMatch@LZBuffer@@IAEHHPBEH@Z,,0x00690E30,190,Code/Libraries/Source/Compression/LZHCompress/CompLibSource/Lz.cpp,matched,vendored=lzhl-1.0
??0LZHLEncoder@@QAE@PAVLZHLEncoderStat@@PAE@Z,,0x00690EF0,40,Code/Libraries/Source/Compression/LZHCompress/CompLibSource/Lz.cpp,matched,vendored=lzhl-1.0
??0LZBuffer@@IAE@XZ,,0x00690F20,29,Code/Libraries/Source/Compression/LZHCompress/CompLibSource/Lz.cpp,matched,vendored=lzhl-1.0
?_toBuf@LZBuffer@@IAEXE@Z,,0x00690F60,26,Code/Libraries/Source/Compression/LZHCompress/CompLibSource/Lz.cpp,matched,vendored=lzhl-1.0
?_toBuf@LZBuffer@@IAEXPBEI@Z,,0x00690F80,106,Code/Libraries/Source/Compression/LZHCompress/CompLibSource/Lz.cpp,matched,vendored=lzhl-1.0
??0LZHLCompressor@@QAE@XZ,,0x00690FF0,133,Code/Libraries/Source/Compression/LZHCompress/CompLibSource/Lz.cpp,matched,vendored=lzhl-1.0
??1LZHLCompressor@@QAE@XZ,,0x00691080,97,Code/Libraries/Source/Compression/LZHCompress/CompLibSource/Lz.cpp,matched,vendored=lzhl-1.0
?_updateTable@LZHLCompressor@@AAEKKPBEKH@Z,,0x006910F0,186,Code/Libraries/Source/Compression/LZHCompress/CompLibSource/Lz.cpp,matched,vendored=lzhl-1.0
??0HuffStat@@QAE@XZ,,0x00691880,35,Code/Libraries/Source/Compression/LZHCompress/CompLibSource/Huff.cpp,matched,vendored=lzhl-1.0
?cmpHuffStatTmpStruct@@YAHABUHuffStatTmpStruct@@0@Z,,0x006918C0,31,Code/Libraries/Source/Compression/LZHCompress/CompLibSource/Huff.cpp,matched,vendored=lzhl-1.0
??M@YAHABUHuffStatTmpStruct@@0@Z,,0x006918E0,40,Code/Libraries/Source/Compression/LZHCompress/CompLibSource/Huff.cpp,matched,vendored=lzhl-1.0
?shellSort@@YAXPAUHuffStatTmpStruct@@H@Z,,0x00691910,155,Code/Libraries/Source/Compression/LZHCompress/CompLibSource/Huff.cpp,matched,vendored=lzhl-1.0
?makeSortedTmp@HuffStat@@IAEHPAUHuffStatTmpStruct@@@Z,,0x006919B0,129,Code/Libraries/Source/Compression/LZHCompress/CompLibSource/Huff.cpp,matched,vendored=lzhl-1.0
?_putBits@LZHLEncoder@@AAEXHK@Z,,0x00691A40,92,Code/Libraries/Source/Compression/LZHCompress/CompLibSource/Huff.cpp,matched,vendored=lzhl-1.0
??0LZHLEncoderStat@@QAE@XZ,,0x00691AA0,115,Code/Libraries/Source/Compression/LZHCompress/CompLibSource/Huff.cpp,matched,vendored=lzhl-1.0
??1LZHLEncoderStat@@QAE@XZ,,0x00691B20,81,Code/Libraries/Source/Compression/LZHCompress/CompLibSource/Huff.cpp,matched,vendored=lzhl-1.0
?_addGroup@LZHLEncoderStat@@CAXPAHHH@Z,,0x00691B80,57,Code/Libraries/Source/Compression/LZHCompress/CompLibSource/Huff.cpp,matched,vendored=lzhl-1.0
?calcStat@LZHLEncoderStat@@QAEXPAH@Z,,0x00691BC0,887,Code/Libraries/Source/Compression/LZHCompress/CompLibSource/Huff.cpp,matched,vendored=lzhl-1.0
?_bufCpy@LZBuffer@@IAEXPAEHI@Z,,0x00691F40,119,Code/Libraries/Source/Compression/LZHCompress/CompLibSource/Huff.cpp,matched,vendored=lzhl-1.0
?_callStat@LZHLEncoder@@AAEXXZ,,0x00691FC0,436,Code/Libraries/Source/Compression/LZHCompress/CompLibSource/Huff.cpp,matched,vendored=lzhl-1.0
??0LZHLDecoderStat@@QAE@XZ,,0x00692180,126,Code/Libraries/Source/Compression/LZHCompress/CompLibSource/Huff.cpp,matched,vendored=lzhl-1.0
??1LZHLDecoderStat@@QAE@XZ,,0x00692200,84,Code/Libraries/Source/Compression/LZHCompress/CompLibSource/Huff.cpp,matched,vendored=lzhl-1.0
??0LZHLDecompressor@@QAE@XZ,,0x006922A0,93,Code/Libraries/Source/Compression/LZHCompress/CompLibSource/Huff.cpp,matched,vendored=lzhl-1.0
??1LZHLDecompressor@@QAE@XZ,,0x00692300,82,Code/Libraries/Source/Compression/LZHCompress/CompLibSource/Huff.cpp,matched,vendored=lzhl-1.0
?_get@LZHLDecompressor@@AAEHAAPBEPBEH@Z,,0x006923B0,132,Code/Libraries/Source/Compression/LZHCompress/CompLibSource/Huff.cpp,matched,vendored=lzhl-1.0
?_put@LZHLEncoder@@AAEXG@Z,,0x00692780,67,Code/Libraries/Source/Compression/LZHCompress/CompLibSource/Huff.cpp,matched,vendored=lzhl-1.0
?_put@LZHLEncoder@@AAEXGHK@Z,,0x006927D0,83,Code/Libraries/Source/Compression/LZHCompress/CompLibSource/Huff.cpp,matched,vendored=lzhl-1.0
?putRaw@LZHLEncoder@@QAEXPBEI@Z,,0x00692830,183,Code/Libraries/Source/Compression/LZHCompress/CompLibSource/Huff.cpp,matched,vendored=lzhl-1.0
?putMatch@LZHLEncoder@@QAEXPBEIII@Z,,0x006928F0,327,Code/Libraries/Source/Compression/LZHCompress/CompLibSource/Huff.cpp,matched,vendored=lzhl-1.0
?flush@LZHLEncoder@@QAEIXZ,,0x00692A40,124,Code/Libraries/Source/Compression/LZHCompress/CompLibSource/Huff.cpp,matched,vendored=lzhl-1.0
_zError,,0x006946D0,21,Code/Libraries/Source/Compression/ZLib/zutil.c,matched,vendored=zlib-1.1.4
_zcfree,,0x00694710,13,Code/Libraries/Source/Compression/ZLib/zutil.c,matched,vendored=zlib-1.1.4
_zlibVersion,,0x006946C0,6,Code/Libraries/Source/Compression/ZLib/zutil.c,matched,vendored=zlib-1.1.4
?d_000010cf@@YAXXZ,,0x000010CF,80,Code/gen_asm/d_000010cf.asm,matched,gen-dump;ghidra=FUN_004010cf
?d_00001125@@YAXXZ,,0x00001125,23,Code/gen_asm/d_000010cf.asm,matched,gen-dump;ghidra=FUN_00401125
?d_0000113d@@YAXXZ,,0x0000113D,26,Code/gen_asm/d_000010cf.asm,matched,gen-dump;ghidra=FUN_0040113d
?d_000011b4@@YAXXZ,,0x000011B4,9,Code/gen_asm/d_000010cf.asm,matched,gen-dump;ghidra=ModuleTemplate
?d_000011bd@@YAXXZ,,0x000011BD,7,Code/gen_asm/d_000010cf.asm,matched,gen-dump;ghidra=~ModuleTemplate
?d_000011c4@@YAXXZ,,0x000011C4,11,Code/gen_asm/d_000010cf.asm,matched,gen-dump;ghidra=ModuleTemplate
?d_00001240@@YAXXZ,,0x00001240,15,Code/gen_asm/d_000010cf.asm,matched,gen-dump;ghidra=operator=
?d_0000124f@@YAXXZ,,0x0000124F,27,Code/gen_asm/d_000010cf.asm,matched,gen-dump;ghidra=operator=
?d_00001278@@YAXXZ,,0x00001278,25,Code/gen_asm/d_000010cf.asm,matched,gen-dump;ghidra=setUV
?d_000012a3@@YAXXZ,,0x000012A3,15,Code/gen_asm/d_000010cf.asm,matched,gen-dump;ghidra=FUN_004012a3
?d_000012b2@@YAXXZ,,0x000012B2,36,Code/gen_asm/d_000010cf.asm,matched,gen-dump;ghidra=FUN_004012b2
?d_000012d6@@YAXXZ,,0x000012D6,36,Code/gen_asm/d_000010cf.asm,matched,gen-dump;ghidra=FUN_004012d6
?d_000012fa@@YAXXZ,,0x000012FA,32,Code/gen_asm/d_000010cf.asm,matched,gen-dump;ghidra=FUN_004012fa
?d_0000131a@@YAXXZ,,0x0000131A,36,Code/gen_asm/d_000010cf.asm,matched,gen-dump;ghidra=FUN_0040131a
?d_0000133e@@YAXXZ,,0x0000133E,34,Code/gen_asm/d_000010cf.asm,matched,gen-dump;ghidra=FUN_0040133e
?d_00001368@@YAXXZ,,0x00001368,58,Code/gen_asm/d_000010cf.asm,matched,gen-dump;ghidra=Bitmap
?d_000013a2@@YAXXZ,,0x000013A2,57,Code/gen_asm/d_000010cf.asm,matched,gen-dump;ghidra=Bitmap
?d_000013db@@YAXXZ,,0x000013DB,42,Code/gen_asm/d_000010cf.asm,matched,gen-dump;ghidra=FUN_004013db
?d_00001405@@YAXXZ,,0x00001405,30,Code/gen_asm/d_000010cf.asm,matched,gen-dump;ghidra=FUN_00401405
?d_00001423@@YAXXZ,,0x00001423,34,Code/gen_asm/d_000010cf.asm,matched,gen-dump;ghidra=`vector_constructor_iterator'
?d_0000145b@@YAXXZ,,0x0000145B,83,Code/gen_asm/d_000010cf.asm,matched,gen-dump;ghidra=FUN_0040145b
?d_00001720@@YAXXZ,,0x00001720,19,Code/gen_asm/d_000010cf.asm,matched,gen-dump;ghidra=FUN_00401720
?d_00001745@@YAXXZ,,0x00001745,11,Code/gen_asm/d_000010cf.asm,matched,gen-dump;ghidra=Snapshot
?d_0000179f@@YAXXZ,,0x0000179F,1167,Code/gen_asm/d_000010cf.asm,matched,gen-dump;ghidra=FUN_0040179f
?d_00001c72@@YAXXZ,,0x00001C72,126,Code/gen_asm/d_000010cf.asm,matched,gen-dump;ghidra=FUN_00401c72
?d_00001d69@@YAXXZ,,0x00001D69,23,Code/gen_asm/d_000010cf.asm,matched,gen-dump;ghidra=CategoryModuleTemplate<1>
?d_00001d80@@YAXXZ,,0x00001D80,26,Code/gen_asm/d_000010cf.asm,matched,gen-dump;ghidra=FUN_00401d80
?d_00001d9a@@YAXXZ,,0x00001D9A,18,Code/gen_asm/d_000010cf.asm,matched,gen-dump;ghidra=FUN_00401d9a
?d_00001db1@@YAXXZ,,0x00001DB1,98,Code/gen_asm/d_000010cf.asm,matched,gen-dump;ghidra=FUN_00401db1
?d_00001e2f@@YAXXZ,,0x00001E2F,20,Code/gen_asm/d_000010cf.asm,matched,gen-dump;ghidra=isEmpty
?d_00001e43@@YAXXZ,,0x00001E43,36,Code/gen_asm/d_000010cf.asm,matched,gen-dump;ghidra=FUN_00401e43
?d_00001e7f@@YAXXZ,,0x00001E7F,47,Code/gen_asm/d_000010cf.asm,matched,gen-dump;ghidra=RandomAlphaKeyframe
?d_00001ef9@@YAXXZ,,0x00001EF9,31,Code/gen_asm/d_000010cf.asm,matched,gen-dump;ghidra=CategoryModuleTemplate<8>
?d_00001f18@@YAXXZ,,0x00001F18,24,Code/gen_asm/d_000010cf.asm,matched,gen-dump;ghidra=~CategoryModuleTemplate<1>
?d_00001f30@@YAXXZ,,0x00001F30,52,Code/gen_asm/d_000010cf.asm,matched,gen-dump;ghidra=CategoryModuleTemplate<8>
?d_00001faf@@YAXXZ,,0x00001FAF,45,Code/gen_asm/d_000010cf.asm,matched,gen-dump;ghidra=FUN_00401faf
?d_00001fdc@@YAXXZ,,0x00001FDC,49,Code/gen_asm/d_000010cf.asm,matched,gen-dump;ghidra=FUN_00401fdc
?d_0000200d@@YAXXZ,,0x0000200D,260,Code/gen_asm/d_000010cf.asm,matched,gen-dump;ghidra=operator=
?d_00002111@@YAXXZ,,0x00002111,27,Code/gen_asm/d_000010cf.asm,matched,gen-dump;ghidra=FUN_00402111
?d_0000213f@@YAXXZ,,0x0000213F,19,Code/gen_asm/d_000010cf.asm,matched,gen-dump;ghidra=FUN_0040213f
?d_00002152@@YAXXZ,,0x00002152,10,Code/gen_asm/d_000010cf.asm,matched,gen-dump;ghidra=FUN_00402152
?d_000021c7@@YAXXZ,,0x000021C7,28,Code/gen_asm/d_000010cf.asm,matched,gen-dump;ghidra=FUN_004021c7
?d_000021e3@@YAXXZ,,0x000021E3,35,Code/gen_asm/d_000010cf.asm,matched,gen-dump;ghidra=Allocate
?d_00002206@@YAXXZ,,0x00002206,32,Code/gen_asm/d_000010cf.asm,matched,gen-dump;ghidra=FUN_00402206
?d_00002226@@YAXXZ,,0x00002226,141,Code/gen_asm/d_000010cf.asm,matched,gen-dump;ghidra=FUN_00402226
?d_0000232b@@YAXXZ,,0x0000232B,34,Code/gen_asm/d_000010cf.asm,matched,gen-dump;ghidra=FUN_0040232b
?d_0000240e@@YAXXZ,,0x0000240E,10,Code/gen_asm/d_000010cf.asm,matched,gen-dump;ghidra=~ParticleSystemInfo
?d_00002459@@YAXXZ,,0x00002459,10,Code/gen_asm/d_000010cf.asm,matched,gen-dump;ghidra=ParticleSystemInfo
?d_00002596@@YAXXZ,,0x00002596,28,Code/gen_asm/d_000010cf.asm,matched,gen-dump;ghidra=FUN_00402596
?d_00002600@@YAXXZ,,0x00002600,30,Code/gen_asm/d_000010cf.asm,matched,gen-dump;ghidra=getName
?d_0000261e@@YAXXZ,,0x0000261E,27,Code/gen_asm/d_000010cf.asm,matched,gen-dump;ghidra=getTextureFilename
?d_00002639@@YAXXZ,,0x00002639,66,Code/gen_asm/d_000010cf.asm,matched,gen-dump;ghidra=Clone
?d_0000267b@@YAXXZ,,0x0000267B,21,Code/gen_asm/d_000010cf.asm,matched,gen-dump;ghidra=FUN_0040267b
?d_00002690@@YAXXZ,,0x00002690,205,Code/gen_asm/d_000010cf.asm,matched,gen-dump;ghidra=FUN_00402690
?d_0000275d@@YAXXZ,,0x0000275D,395,Code/gen_asm/d_000010cf.asm,matched,gen-dump;ghidra=FUN_0040275d
?d_000028e8@@YAXXZ,,0x000028E8,37,Code/gen_asm/d_000010cf.asm,matched,gen-dump;ghidra=operator<<<char>
?d_00002926@@YAXXZ,,0x00002926,28,Code/gen_asm/d_000010cf.asm,matched,gen-dump;ghidra=FUN_00402926
?d_00002942@@YAXXZ,,0x00002942,28,Code/gen_asm/d_000010cf.asm,matched,gen-dump;ghidra=FUN_00402942
?d_0000295e@@YAXXZ,,0x0000295E,524,Code/gen_asm/d_000010cf.asm,matched,gen-dump;ghidra=FUN_0040295e
?d_00002bb5@@YAXXZ,,0x00002BB5,132,Code/gen_asm/d_000010cf.asm,matched,gen-dump;ghidra=FUN_00402bb5
?d_00002c39@@YAXXZ,,0x00002C39,10,Code/gen_asm/d_000010cf.asm,matched,gen-dump;ghidra=FUN_00402c39
?d_0000319f@@YAXXZ,,0x0000319F,6,Code/gen_asm/d_000010cf.asm,matched,gen-dump;ghidra=Catch@0040319f
?d_000031a5@@YAXXZ,,0x000031A5,55,Code/gen_asm/d_000010cf.asm,matched,gen-dump;ghidra=AtlA2WHelper
?d_000031dc@@YAXXZ,,0x000031DC,56,Code/gen_asm/d_000010cf.asm,matched,gen-dump;ghidra=AtlW2AHelper
?d_00003227@@YAXXZ,,0x00003227,20,Code/gen_asm/d_000010cf.asm,matched,gen-dump;ghidra=CComCriticalSection
?d_00003295@@YAXXZ,,0x00003295,35,Code/gen_asm/d_000010cf.asm,matched,gen-dump;ghidra=AtlWinModuleInit
?d_000032da@@YAXXZ,,0x000032DA,62,Code/gen_asm/d_000010cf.asm,matched,gen-dump;ghidra=FUN_004032da
?d_00003318@@YAXXZ,,0x00003318,122,Code/gen_asm/d_000010cf.asm,matched,gen-dump;ghidra=FUN_00403318
?d_000034fa@@YAXXZ,,0x000034FA,42,Code/gen_asm/d_000010cf.asm,matched,gen-dump;ghidra=areApproxEqual
?d_000036d1@@YAXXZ,,0x000036D1,49,Code/gen_asm/d_000010cf.asm,matched,gen-dump;ghidra=scale
?d_00003916@@YAXXZ,,0x00003916,101,Code/gen_asm/d_000010cf.asm,matched,gen-dump;ghidra=Rotate
?d_00003c70@@YAXXZ,,0x00003C70,97,Code/gen_asm/d_000010cf.asm,matched,gen-dump;ghidra=CrossProduct
?d_00003fee@@YAXXZ,,0x00003FEE,46,Code/gen_asm/d_000010cf.asm,matched,gen-dump;ghidra=operator-
?d_0000401c@@YAXXZ,,0x0000401C,93,Code/gen_asm/d_000010cf.asm,matched,gen-dump;ghidra=SetIdentity
?d_00004079@@YAXXZ,,0x00004079,357,Code/gen_asm/d_000010cf.asm,matched,gen-dump;ghidra=Matrix4D
?d_000047da@@YAXXZ,,0x000047DA,918,Code/gen_asm/d_000010cf.asm,matched,gen-dump;ghidra=Multiply
?d_00004f7a@@YAXXZ,,0x00004F7A,78,Code/gen_asm/d_000010cf.asm,matched,gen-dump;ghidra=operator<<
?d_0000505c@@YAXXZ,,0x0000505C,47,Code/gen_asm/d_000010cf.asm,matched,gen-dump;ghidra=operator<<
?d_0000508b@@YAXXZ,,0x0000508B,47,Code/gen_asm/d_000010cf.asm,matched,gen-dump;ghidra=operator<<
?d_00005394@@YAXXZ,,0x00005394,18,Code/gen_asm/d_000010cf.asm,matched,gen-dump;ghidra=operator=
?d_000053a6@@YAXXZ,,0x000053A6,9,Code/gen_asm/d_000010cf.asm,matched,gen-dump;ghidra=Snapshot
?d_000053de@@YAXXZ,,0x000053DE,9,Code/gen_asm/d_000010cf.asm,matched,gen-dump;ghidra=Xfer
?d_000053e7@@YAXXZ,,0x000053E7,7,Code/gen_asm/d_000010cf.asm,matched,gen-dump;ghidra=~Xfer
?d_000053ee@@YAXXZ,,0x000053EE,23,Code/gen_asm/d_000010cf.asm,matched,gen-dump;ghidra=Version1
?d_0000546c@@YAXXZ,,0x0000546C,28,Code/gen_asm/d_000010cf.asm,matched,gen-dump;ghidra=operator==
?d_00005488@@YAXXZ,,0x00005488,28,Code/gen_asm/d_000010cf.asm,matched,gen-dump;ghidra=operator==
?d_000054a4@@YAXXZ,,0x000054A4,28,Code/gen_asm/d_000010cf.asm,matched,gen-dump;ghidra=operator==
?d_000054c0@@YAXXZ,,0x000054C0,28,Code/gen_asm/d_000010cf.asm,matched,gen-dump;ghidra=operator==
?d_000054dc@@YAXXZ,,0x000054DC,28,Code/gen_asm/d_000010cf.asm,matched,gen-dump;ghidra=operator==
?d_000054f8@@YAXXZ,,0x000054F8,28,Code/gen_asm/d_000010cf.asm,matched,gen-dump;ghidra=operator==
?d_00005514@@YAXXZ,,0x00005514,28,Code/gen_asm/d_000010cf.asm,matched,gen-dump;ghidra=operator==
?d_00005530@@YAXXZ,,0x00005530,28,Code/gen_asm/d_000010cf.asm,matched,gen-dump;ghidra=operator==
?d_0000554c@@YAXXZ,,0x0000554C,28,Code/gen_asm/d_000010cf.asm,matched,gen-dump;ghidra=operator==
?d_00005568@@YAXXZ,,0x00005568,51,Code/gen_asm/d_000010cf.asm,matched,gen-dump;ghidra=operator==
?d_0000559b@@YAXXZ,,0x0000559B,21,Code/gen_asm/d_000010cf.asm,matched,gen-dump;ghidra=operator!=
?d_000055b0@@YAXXZ,,0x000055B0,30,Code/gen_asm/d_000010cf.asm,matched,gen-dump;ghidra=FUN_004055b0
?d_000056c7@@YAXXZ,,0x000056C7,10,Code/gen_asm/d_000010cf.asm,matched,gen-dump;ghidra=FUN_004056c7
?d_000056d1@@YAXXZ,,0x000056D1,103,Code/gen_asm/d_000010cf.asm,matched,gen-dump;ghidra=Init
?d_0000575a@@YAXXZ,,0x0000575A,39,Code/gen_asm/d_000010cf.asm,matched,gen-dump;ghidra=FUN_0040575a
?d_000057f1@@YAXXZ,,0x000057F1,23,Code/gen_asm/d_000010cf.asm,matched,gen-dump;ghidra=FUN_004057f1
?d_00005816@@YAXXZ,,0x00005816,43,Code/gen_asm/d_000010cf.asm,matched,gen-dump;ghidra=FUN_00405816
?d_00005841@@YAXXZ,,0x00005841,44,Code/gen_asm/d_000010cf.asm,matched,gen-dump;ghidra=FUN_00405841
?d_0000586d@@YAXXZ,,0x0000586D,43,Code/gen_asm/d_000010cf.asm,matched,gen-dump;ghidra=FUN_0040586d
?d_00005898@@YAXXZ,,0x00005898,43,Code/gen_asm/d_000010cf.asm,matched,gen-dump;ghidra=FUN_00405898
?d_000058c3@@YAXXZ,,0x000058C3,96,Code/gen_asm/d_000010cf.asm,matched,gen-dump;ghidra=AtlWinModuleTerm
?d_00005923@@YAXXZ,,0x00005923,124,Code/gen_asm/d_000010cf.asm,matched,gen-dump;ghidra=toAngle
?d_000059d3@@YAXXZ,,0x000059D3,83,Code/gen_asm/d_000010cf.asm,matched,gen-dump;ghidra=Normalize
?d_00005ae7@@YAXXZ,,0x00005AE7,102,Code/gen_asm/d_000010cf.asm,matched,gen-dump;ghidra=Matrix4D
?d_00005bb8@@YAXXZ,,0x00005BB8,116,Code/gen_asm/d_000010cf.asm,matched,gen-dump;ghidra=Matrix4D
?d_000062ad@@YAXXZ,,0x000062AD,43,Code/gen_asm/d_00005cd4.asm,matched,gen-dump;ghidra=combine
?d_000062d8@@YAXXZ,,0x000062D8,37,Code/gen_asm/d_00005cd4.asm,matched,gen-dump;ghidra=combine
?d_00006469@@YAXXZ,,0x00006469,44,Code/gen_asm/d_00005cd4.asm,matched,gen-dump;ghidra=expandBy
?d_000064fc@@YAXXZ,,0x000064FC,60,Code/gen_asm/d_00005cd4.asm,matched,gen-dump;ghidra=expandBy
?d_00006538@@YAXXZ,,0x00006538,18,Code/gen_asm/d_00005cd4.asm,matched,gen-dump;ghidra=RGBColor
?d_00006618@@YAXXZ,,0x00006618,18,Code/gen_asm/d_00005cd4.asm,matched,gen-dump;ghidra=UnicodeString
?d_0000662a@@YAXXZ,,0x0000662A,18,Code/gen_asm/d_00005cd4.asm,matched,gen-dump;ghidra=UnicodeString
?d_0000663c@@YAXXZ,,0x0000663C,22,Code/gen_asm/d_00005cd4.asm,matched,gen-dump;ghidra=UnicodeString
?d_00006652@@YAXXZ,,0x00006652,18,Code/gen_asm/d_00005cd4.asm,matched,gen-dump;ghidra=UnicodeString
?d_00006664@@YAXXZ,,0x00006664,26,Code/gen_asm/d_00005cd4.asm,matched,gen-dump;ghidra=UnicodeString
?d_0000667e@@YAXXZ,,0x0000667E,18,Code/gen_asm/d_00005cd4.asm,matched,gen-dump;ghidra=operator=
?d_00006690@@YAXXZ,,0x00006690,30,Code/gen_asm/d_00005cd4.asm,matched,gen-dump;ghidra=operator=
?d_000066ae@@YAXXZ,,0x000066AE,18,Code/gen_asm/d_00005cd4.asm,matched,gen-dump;ghidra=operator+=
?d_000066c0@@YAXXZ,,0x000066C0,30,Code/gen_asm/d_00005cd4.asm,matched,gen-dump;ghidra=operator+=
?d_000066de@@YAXXZ,,0x000066DE,13,Code/gen_asm/d_00005cd4.asm,matched,gen-dump;ghidra=FUN_004066de
?d_000066f0@@YAXXZ,,0x000066F0,32,Code/gen_asm/d_00005cd4.asm,matched,gen-dump;ghidra=CW2AEX<>
?d_00006733@@YAXXZ,,0x00006733,63,Code/gen_asm/d_00005cd4.asm,matched,gen-dump;ghidra=compare
?d_00006772@@YAXXZ,,0x00006772,63,Code/gen_asm/d_00005cd4.asm,matched,gen-dump;ghidra=compareNoCase
?d_000067b1@@YAXXZ,,0x000067B1,63,Code/gen_asm/d_00005cd4.asm,matched,gen-dump;ghidra=compare
?d_000067f0@@YAXXZ,,0x000067F0,63,Code/gen_asm/d_00005cd4.asm,matched,gen-dump;ghidra=compareNoCase
?d_0000683c@@YAXXZ,,0x0000683C,26,Code/gen_asm/d_00005cd4.asm,matched,gen-dump;ghidra=_ATL_WIN_MODULE70
?d_0000685e@@YAXXZ,,0x0000685E,10,Code/gen_asm/d_00005cd4.asm,matched,gen-dump;ghidra=FUN_0040685e
?d_00006960@@YAXXZ,,0x00006960,34,Code/gen_asm/d_00005cd4.asm,matched,gen-dump;ghidra=FUN_00406960
?d_00006ace@@YAXXZ,,0x00006ACE,35,Code/gen_asm/d_00005cd4.asm,matched,gen-dump;ghidra=CAtlWinModule
?d_00006b09@@YAXXZ,,0x00006B09,10,Code/gen_asm/d_00005cd4.asm,matched,gen-dump;ghidra=FUN_00406b09
?d_00006cf0@@YAXXZ,,0x00006CF0,34,Code/gen_asm/d_00005cd4.asm,matched,gen-dump;ghidra=FUN_00406cf0
?d_00006d24@@YAXXZ,,0x00006D24,18,Code/gen_asm/d_00005cd4.asm,matched,gen-dump;ghidra=operator+=
?d_00006ee0@@YAXXZ,,0x00006EE0,5,Code/gen_asm/d_00005cd4.asm,matched,gen-dump;ghidra=FUN_00406ee0
?d_00006f10@@YAXXZ,,0x00006F10,28,Code/gen_asm/d_00005cd4.asm,matched,gen-dump;ghidra=FUN_00406f10
?d_00006f30@@YAXXZ,,0x00006F30,17,Code/gen_asm/d_00005cd4.asm,matched,gen-dump;ghidra=FUN_00406f30
?d_00006f80@@YAXXZ,,0x00006F80,241,Code/gen_asm/d_00005cd4.asm,matched,gen-dump;ghidra=FUN_00406f80
?d_000070e0@@YAXXZ,,0x000070E0,27,Code/gen_asm/d_00005cd4.asm,matched,gen-dump;ghidra=FUN_004070e0
?d_00007100@@YAXXZ,,0x00007100,30,Code/gen_asm/d_00005cd4.asm,matched,gen-dump;ghidra=FUN_00407100
?d_00007130@@YAXXZ,,0x00007130,32,Code/gen_asm/d_00005cd4.asm,matched,gen-dump;ghidra=FUN_00407130
?d_00007150@@YAXXZ,,0x00007150,7,Code/gen_asm/d_00005cd4.asm,matched,gen-dump;ghidra=FUN_00407150
?d_00007160@@YAXXZ,,0x00007160,39,Code/gen_asm/d_00005cd4.asm,matched,gen-dump;ghidra=FUN_00407160
?d_00007190@@YAXXZ,,0x00007190,27,Code/gen_asm/d_00005cd4.asm,matched,gen-dump;ghidra=FUN_00407190
?d_000071b0@@YAXXZ,,0x000071B0,6,Code/gen_asm/d_00005cd4.asm,matched,gen-dump;ghidra=FUN_004071b0
?d_000072c0@@YAXXZ,,0x000072C0,30,Code/gen_asm/d_00005cd4.asm,matched,gen-dump;ghidra=FUN_004072c0
?d_000072e0@@YAXXZ,,0x000072E0,7,Code/gen_asm/d_00005cd4.asm,matched,gen-dump;ghidra=FUN_004072e0
?d_000072f0@@YAXXZ,,0x000072F0,107,Code/gen_asm/d_00005cd4.asm,matched,gen-dump;ghidra=FUN_004072f0
?d_00007410@@YAXXZ,,0x00007410,11,Code/gen_asm/d_00005cd4.asm,matched,gen-dump;ghidra=FUN_00407410
?d_00007460@@YAXXZ,,0x00007460,43,Code/gen_asm/d_00005cd4.asm,matched,gen-dump;ghidra=FUN_00407460
?d_000074d0@@YAXXZ,,0x000074D0,30,Code/gen_asm/d_00005cd4.asm,matched,gen-dump;ghidra=FUN_004074d0
?d_00007510@@YAXXZ,,0x00007510,30,Code/gen_asm/d_00005cd4.asm,matched,gen-dump;ghidra=FUN_00407510
?d_00007550@@YAXXZ,,0x00007550,30,Code/gen_asm/d_00005cd4.asm,matched,gen-dump;ghidra=FUN_00407550
?d_00007590@@YAXXZ,,0x00007590,30,Code/gen_asm/d_00005cd4.asm,matched,gen-dump;ghidra=FUN_00407590
?d_000075d0@@YAXXZ,,0x000075D0,30,Code/gen_asm/d_00005cd4.asm,matched,gen-dump;ghidra=FUN_004075d0
?d_00007610@@YAXXZ,,0x00007610,30,Code/gen_asm/d_00005cd4.asm,matched,gen-dump;ghidra=FUN_00407610
?d_00007650@@YAXXZ,,0x00007650,30,Code/gen_asm/d_00005cd4.asm,matched,gen-dump;ghidra=FUN_00407650
?d_00007670@@YAXXZ,,0x00007670,27,Code/gen_asm/d_00005cd4.asm,matched,gen-dump;ghidra=FUN_00407670
?d_00007690@@YAXXZ,,0x00007690,235,Code/gen_asm/d_00005cd4.asm,matched,gen-dump;ghidra=FUN_00407690
?d_000077b0@@YAXXZ,,0x000077B0,65,Code/gen_asm/d_00005cd4.asm,matched,gen-dump;ghidra=FUN_004077b0
?d_00007820@@YAXXZ,,0x00007820,8,Code/gen_asm/d_00005cd4.asm,matched,gen-dump;ghidra=FUN_00407820
?d_00007850@@YAXXZ,,0x00007850,101,Code/gen_asm/d_00005cd4.asm,matched,gen-dump;ghidra=FUN_00407850
?d_000078c0@@YAXXZ,,0x000078C0,84,Code/gen_asm/d_00005cd4.asm,matched,gen-dump;ghidra=FUN_004078c0
?d_00007920@@YAXXZ,,0x00007920,212,Code/gen_asm/d_00005cd4.asm,matched,gen-dump;ghidra=FUN_00407920
?d_00007a00@@YAXXZ,,0x00007A00,243,Code/gen_asm/d_00005cd4.asm,matched,gen-dump;ghidra=FUN_00407a00
?d_00007c40@@YAXXZ,,0x00007C40,35,Code/gen_asm/d_00005cd4.asm,matched,gen-dump;ghidra=FUN_00407c40
?d_00007c70@@YAXXZ,,0x00007C70,21,Code/gen_asm/d_00005cd4.asm,matched,gen-dump;ghidra=FUN_00407c70
?d_00007c90@@YAXXZ,,0x00007C90,508,Code/gen_asm/d_00005cd4.asm,matched,gen-dump;ghidra=FUN_00407c90
?d_00007e90@@YAXXZ,,0x00007E90,32,Code/gen_asm/d_00005cd4.asm,matched,gen-dump;ghidra=FUN_00407e90
?d_00007eb0@@YAXXZ,,0x00007EB0,41,Code/gen_asm/d_00005cd4.asm,matched,gen-dump;ghidra=FUN_00407eb0
?d_00008d00@@YAXXZ,,0x00008D00,84,Code/gen_asm/d_00005cd4.asm,matched,gen-dump;ghidra=FUN_00408d00
?d_00008f40@@YAXXZ,,0x00008F40,30,Code/gen_asm/d_00005cd4.asm,matched,gen-dump;ghidra=FUN_00408f40
?d_00008f60@@YAXXZ,,0x00008F60,73,Code/gen_asm/d_00005cd4.asm,matched,gen-dump;ghidra=FUN_00408f60
?d_00008fb0@@YAXXZ,,0x00008FB0,30,Code/gen_asm/d_00005cd4.asm,matched,gen-dump;ghidra=FUN_00408fb0
?d_00008fd0@@YAXXZ,,0x00008FD0,73,Code/gen_asm/d_00005cd4.asm,matched,gen-dump;ghidra=FUN_00408fd0
?d_00009020@@YAXXZ,,0x00009020,30,Code/gen_asm/d_00005cd4.asm,matched,gen-dump;ghidra=FUN_00409020
?d_00009040@@YAXXZ,,0x00009040,73,Code/gen_asm/d_00005cd4.asm,matched,gen-dump;ghidra=FUN_00409040
?d_00009090@@YAXXZ,,0x00009090,30,Code/gen_asm/d_00005cd4.asm,matched,gen-dump;ghidra=FUN_00409090
?d_000090b0@@YAXXZ,,0x000090B0,73,Code/gen_asm/d_00005cd4.asm,matched,gen-dump;ghidra=FUN_004090b0
?d_00009100@@YAXXZ,,0x00009100,108,Code/gen_asm/d_00005cd4.asm,matched,gen-dump;ghidra=FUN_00409100
?d_00009170@@YAXXZ,,0x00009170,81,Code/gen_asm/d_00005cd4.asm,matched,gen-dump;ghidra=FUN_00409170
?d_00009450@@YAXXZ,,0x00009450,385,Code/gen_asm/d_00005cd4.asm,matched,gen-dump;ghidra=FUN_00409450
?d_000095e0@@YAXXZ,,0x000095E0,569,Code/gen_asm/d_00005cd4.asm,matched,gen-dump;ghidra=FUN_004095e0
?d_00009820@@YAXXZ,,0x00009820,52,Code/gen_asm/d_00005cd4.asm,matched,gen-dump;ghidra=FUN_00409820
?d_00009860@@YAXXZ,,0x00009860,49,Code/gen_asm/d_00005cd4.asm,matched,gen-dump;ghidra=FUN_00409860
?d_000098a0@@YAXXZ,,0x000098A0,114,Code/gen_asm/d_00005cd4.asm,matched,gen-dump;ghidra=FUN_004098a0
?d_00009920@@YAXXZ,,0x00009920,167,Code/gen_asm/d_00005cd4.asm,matched,gen-dump;ghidra=FUN_00409920
?d_000099d0@@YAXXZ,,0x000099D0,371,Code/gen_asm/d_00005cd4.asm,matched,gen-dump;ghidra=FUN_004099d0
?d_00009b50@@YAXXZ,,0x00009B50,179,Code/gen_asm/d_00005cd4.asm,matched,gen-dump;ghidra=FUN_00409b50
?d_00009cd0@@YAXXZ,,0x00009CD0,133,Code/gen_asm/d_00005cd4.asm,matched,gen-dump;ghidra=FUN_00409cd0
?d_00009d60@@YAXXZ,,0x00009D60,392,Code/gen_asm/d_00005cd4.asm,matched,gen-dump;ghidra=FUN_00409d60
?d_00009ef0@@YAXXZ,,0x00009EF0,108,Code/gen_asm/d_00005cd4.asm,matched,gen-dump;ghidra=FUN_00409ef0
?d_00009f90@@YAXXZ,,0x00009F90,260,Code/gen_asm/d_00005cd4.asm,matched,gen-dump;ghidra=FUN_00409f90
?d_0000a0a0@@YAXXZ,,0x0000A0A0,68,Code/gen_asm/d_00005cd4.asm,matched,gen-dump;ghidra=FUN_0040a0a0
?d_0000a0f0@@YAXXZ,,0x0000A0F0,523,Code/gen_asm/d_00005cd4.asm,matched,gen-dump;ghidra=FUN_0040a0f0
?d_0000a300@@YAXXZ,,0x0000A300,23,Code/gen_asm/d_00005cd4.asm,matched,gen-dump;ghidra=FUN_0040a300
?d_0000a320@@YAXXZ,,0x0000A320,522,Code/gen_asm/d_00005cd4.asm,matched,gen-dump;ghidra=FUN_0040a320
?d_0000a560@@YAXXZ,,0x0000A560,260,Code/gen_asm/d_00005cd4.asm,matched,gen-dump;ghidra=FUN_0040a560
?d_0000a670@@YAXXZ,,0x0000A670,537,Code/gen_asm/d_00005cd4.asm,matched,gen-dump;ghidra=FUN_0040a670
?d_0000aab0@@YAXXZ,,0x0000AAB0,252,Code/gen_asm/d_00005cd4.asm,matched,gen-dump;ghidra=FUN_0040aab0
?d_0000abe0@@YAXXZ,,0x0000ABE0,251,Code/gen_asm/d_00005cd4.asm,matched,gen-dump;ghidra=FUN_0040abe0
?d_0000ace0@@YAXXZ,,0x0000ACE0,399,Code/gen_asm/d_00005cd4.asm,matched,gen-dump;ghidra=FUN_0040ace0
?d_0000aea0@@YAXXZ,,0x0000AEA0,252,Code/gen_asm/d_00005cd4.asm,matched,gen-dump;ghidra=FUN_0040aea0
?d_0000afa0@@YAXXZ,,0x0000AFA0,404,Code/gen_asm/d_00005cd4.asm,matched,gen-dump;ghidra=FUN_0040afa0
?d_0000b3c0@@YAXXZ,,0x0000B3C0,63,Code/gen_asm/d_00005cd4.asm,matched,gen-dump;ghidra=FUN_0040b3c0
?d_0000b4c0@@YAXXZ,,0x0000B4C0,133,Code/gen_asm/d_00005cd4.asm,matched,gen-dump;ghidra=FUN_0040b4c0
?d_0000b550@@YAXXZ,,0x0000B550,392,Code/gen_asm/d_0000b550.asm,matched,gen-dump;ghidra=FUN_0040b550
?d_0000b6e0@@YAXXZ,,0x0000B6E0,33,Code/gen_asm/d_0000b550.asm,matched,gen-dump;ghidra=FUN_0040b6e0
?d_0000b710@@YAXXZ,,0x0000B710,30,Code/gen_asm/d_0000b550.asm,matched,gen-dump;ghidra=FUN_0040b710
?d_0000b730@@YAXXZ,,0x0000B730,908,Code/gen_asm/d_0000b550.asm,matched,gen-dump;ghidra=FUN_0040b730
?d_0000bac0@@YAXXZ,,0x0000BAC0,31,Code/gen_asm/d_0000b550.asm,matched,gen-dump;ghidra=FUN_0040bac0
?d_0000bae0@@YAXXZ,,0x0000BAE0,34,Code/gen_asm/d_0000b550.asm,matched,gen-dump;ghidra=FUN_0040bae0
?d_0000bb10@@YAXXZ,,0x0000BB10,295,Code/gen_asm/d_0000b550.asm,matched,gen-dump;ghidra=FUN_0040bb10
?d_0000bc40@@YAXXZ,,0x0000BC40,18,Code/gen_asm/d_0000b550.asm,matched,gen-dump;ghidra=FUN_0040bc40
?d_0000bc60@@YAXXZ,,0x0000BC60,314,Code/gen_asm/d_0000b550.asm,matched,gen-dump;ghidra=FUN_0040bc60
?d_0000bda0@@YAXXZ,,0x0000BDA0,174,Code/gen_asm/d_0000b550.asm,matched,gen-dump;ghidra=FUN_0040bda0
?d_0000be50@@YAXXZ,,0x0000BE50,205,Code/gen_asm/d_0000b550.asm,matched,gen-dump;ghidra=FUN_0040be50
?d_0000bf20@@YAXXZ,,0x0000BF20,98,Code/gen_asm/d_0000b550.asm,matched,gen-dump;ghidra=FUN_0040bf20
?d_0000bf90@@YAXXZ,,0x0000BF90,53,Code/gen_asm/d_0000b550.asm,matched,gen-dump;ghidra=FUN_0040bf90
?d_0000bfd0@@YAXXZ,,0x0000BFD0,48,Code/gen_asm/d_0000b550.asm,matched,gen-dump;ghidra=FUN_0040bfd0
?d_0000c000@@YAXXZ,,0x0000C000,277,Code/gen_asm/d_0000b550.asm,matched,gen-dump;ghidra=FUN_0040c000
?d_0000c120@@YAXXZ,,0x0000C120,133,Code/gen_asm/d_0000b550.asm,matched,gen-dump;ghidra=FUN_0040c120
?d_0000c1b0@@YAXXZ,,0x0000C1B0,382,Code/gen_asm/d_0000b550.asm,matched,gen-dump;ghidra=FUN_0040c1b0
?d_0000c390@@YAXXZ,,0x0000C390,116,Code/gen_asm/d_0000b550.asm,matched,gen-dump;ghidra=FUN_0040c390
?d_0000d050@@YAXXZ,,0x0000D050,214,Code/gen_asm/d_0000b550.asm,matched,gen-dump;ghidra=FUN_0040d050
?d_0000d180@@YAXXZ,,0x0000D180,206,Code/gen_asm/d_0000b550.asm,matched,gen-dump;ghidra=FUN_0040d180
?d_0000d460@@YAXXZ,,0x0000D460,216,Code/gen_asm/d_0000b550.asm,matched,gen-dump;ghidra=FUN_0040d460
?d_0000d540@@YAXXZ,,0x0000D540,118,Code/gen_asm/d_0000b550.asm,matched,gen-dump;ghidra=FUN_0040d540
?d_0000d650@@YAXXZ,,0x0000D650,818,Code/gen_asm/d_0000b550.asm,matched,gen-dump;ghidra=FUN_0040d650
?d_0000daa0@@YAXXZ,,0x0000DAA0,277,Code/gen_asm/d_0000b550.asm,matched,gen-dump;ghidra=FUN_0040daa0
?d_0000dbc0@@YAXXZ,,0x0000DBC0,103,Code/gen_asm/d_0000b550.asm,matched,gen-dump;ghidra=FUN_0040dbc0
?d_0000dc30@@YAXXZ,,0x0000DC30,133,Code/gen_asm/d_0000b550.asm,matched,gen-dump;ghidra=FUN_0040dc30
?d_0000dcc0@@YAXXZ,,0x0000DCC0,384,Code/gen_asm/d_0000b550.asm,matched,gen-dump;ghidra=FUN_0040dcc0
?d_0000de40@@YAXXZ,,0x0000DE40,91,Code/gen_asm/d_0000b550.asm,matched,gen-dump;ghidra=FUN_0040de40
?d_0000dea0@@YAXXZ,,0x0000DEA0,102,Code/gen_asm/d_0000b550.asm,matched,gen-dump;ghidra=FUN_0040dea0
?d_0000df10@@YAXXZ,,0x0000DF10,5,Code/gen_asm/d_0000b550.asm,matched,gen-dump;ghidra=thunk_FUN_004179b0
?d_0000e960@@YAXXZ,,0x0000E960,53,Code/gen_asm/d_0000b550.asm,matched,gen-dump;ghidra=FUN_0040e960
?d_0000e9a0@@YAXXZ,,0x0000E9A0,31,Code/gen_asm/d_0000b550.asm,matched,gen-dump;ghidra=FUN_0040e9a0
?d_0000e9c0@@YAXXZ,,0x0000E9C0,106,Code/gen_asm/d_0000b550.asm,matched,gen-dump;ghidra=FUN_0040e9c0
?d_0000ea30@@YAXXZ,,0x0000EA30,27,Code/gen_asm/d_0000b550.asm,matched,gen-dump;ghidra=FUN_0040ea30
?d_0000ea50@@YAXXZ,,0x0000EA50,27,Code/gen_asm/d_0000b550.asm,matched,gen-dump;ghidra=FUN_0040ea50
?d_0000ea70@@YAXXZ,,0x0000EA70,27,Code/gen_asm/d_0000b550.asm,matched,gen-dump;ghidra=FUN_0040ea70
?d_0000ea90@@YAXXZ,,0x0000EA90,102,Code/gen_asm/d_0000b550.asm,matched,gen-dump;ghidra=FUN_0040ea90
?d_0000eb00@@YAXXZ,,0x0000EB00,84,Code/gen_asm/d_0000b550.asm,matched,gen-dump;ghidra=FUN_0040eb00
?d_0000eb60@@YAXXZ,,0x0000EB60,371,Code/gen_asm/d_0000b550.asm,matched,gen-dump;ghidra=FUN_0040eb60
?d_0000ece0@@YAXXZ,,0x0000ECE0,459,Code/gen_asm/d_0000b550.asm,matched,gen-dump;ghidra=FUN_0040ece0
?d_0000ef40@@YAXXZ,,0x0000EF40,822,Code/gen_asm/d_0000b550.asm,matched,gen-dump;ghidra=FUN_0040ef40
?d_0000f2f0@@YAXXZ,,0x0000F2F0,375,Code/gen_asm/d_0000b550.asm,matched,gen-dump;ghidra=FUN_0040f2f0
?d_0000f510@@YAXXZ,,0x0000F510,167,Code/gen_asm/d_0000b550.asm,matched,gen-dump;ghidra=FUN_0040f510
?d_0000f5c0@@YAXXZ,,0x0000F5C0,179,Code/gen_asm/d_0000b550.asm,matched,gen-dump;ghidra=FUN_0040f5c0
?d_0000f740@@YAXXZ,,0x0000F740,37,Code/gen_asm/d_0000b550.asm,matched,gen-dump;ghidra=FUN_0040f740
?d_0000f770@@YAXXZ,,0x0000F770,213,Code/gen_asm/d_0000b550.asm,matched,gen-dump;ghidra=FUN_0040f770
?d_0000f850@@YAXXZ,,0x0000F850,419,Code/gen_asm/d_0000b550.asm,matched,gen-dump;ghidra=FUN_0040f850
?d_0000fae0@@YAXXZ,,0x0000FAE0,282,Code/gen_asm/d_0000b550.asm,matched,gen-dump;ghidra=FUN_0040fae0
?d_0000fc00@@YAXXZ,,0x0000FC00,184,Code/gen_asm/d_0000b550.asm,matched,gen-dump;ghidra=FUN_0040fc00
?d_00011230@@YAXXZ,,0x00011230,122,Code/gen_asm/d_0000b550.asm,matched,gen-dump;ghidra=FUN_00411230
?d_000112aa@@YAXXZ,,0x000112AA,2406,Code/gen_asm/d_000112aa.asm,matched,gen-dump;ghidra=FUN_004112aa
?d_00011c30@@YAXXZ,,0x00011C30,95,Code/gen_asm/d_000112aa.asm,matched,gen-dump;ghidra=FUN_00411c30
?d_00011c90@@YAXXZ,,0x00011C90,75,Code/gen_asm/d_000112aa.asm,matched,gen-dump;ghidra=FUN_00411c90
?d_00011ce0@@YAXXZ,,0x00011CE0,49,Code/gen_asm/d_000112aa.asm,matched,gen-dump;ghidra=FUN_00411ce0
?d_00011d20@@YAXXZ,,0x00011D20,261,Code/gen_asm/d_000112aa.asm,matched,gen-dump;ghidra=FUN_00411d20
?d_00011e30@@YAXXZ,,0x00011E30,648,Code/gen_asm/d_000112aa.asm,matched,gen-dump;ghidra=FUN_00411e30
?d_000120c0@@YAXXZ,,0x000120C0,41,Code/gen_asm/d_000112aa.asm,matched,gen-dump;ghidra=FUN_004120c0
?d_000120f0@@YAXXZ,,0x000120F0,96,Code/gen_asm/d_000112aa.asm,matched,gen-dump;ghidra=FUN_004120f0
?d_00012150@@YAXXZ,,0x00012150,57,Code/gen_asm/d_000112aa.asm,matched,gen-dump;ghidra=FUN_00412150
?d_00012190@@YAXXZ,,0x00012190,122,Code/gen_asm/d_000112aa.asm,matched,gen-dump;ghidra=FUN_00412190
?d_0001220a@@YAXXZ,,0x0001220A,2680,Code/gen_asm/d_000112aa.asm,matched,gen-dump;ghidra=FUN_0041220a
?d_00012ca0@@YAXXZ,,0x00012CA0,99,Code/gen_asm/d_000112aa.asm,matched,gen-dump;ghidra=FUN_00412ca0
?d_00012d10@@YAXXZ,,0x00012D10,232,Code/gen_asm/d_000112aa.asm,matched,gen-dump;ghidra=FUN_00412d10
?d_000130a0@@YAXXZ,,0x000130A0,102,Code/gen_asm/d_000112aa.asm,matched,gen-dump;ghidra=FUN_004130a0
?d_00013110@@YAXXZ,,0x00013110,65,Code/gen_asm/d_000112aa.asm,matched,gen-dump;ghidra=FUN_00413110
?d_00013160@@YAXXZ,,0x00013160,241,Code/gen_asm/d_000112aa.asm,matched,gen-dump;ghidra=FUN_00413160
?d_00013260@@YAXXZ,,0x00013260,7,Code/gen_asm/d_000112aa.asm,matched,gen-dump;ghidra=FUN_00413260
?d_00013270@@YAXXZ,,0x00013270,13,Code/gen_asm/d_000112aa.asm,matched,gen-dump;ghidra=FUN_00413270
?d_00013320@@YAXXZ,,0x00013320,60,Code/gen_asm/d_000112aa.asm,matched,gen-dump;ghidra=FUN_00413320
?d_00013360@@YAXXZ,,0x00013360,30,Code/gen_asm/d_000112aa.asm,matched,gen-dump;ghidra=FUN_00413360
?d_00013410@@YAXXZ,,0x00013410,15,Code/gen_asm/d_000112aa.asm,matched,gen-dump;ghidra=FUN_00413410
?d_00013420@@YAXXZ,,0x00013420,11,Code/gen_asm/d_000112aa.asm,matched,gen-dump;ghidra=FUN_00413420
?d_00013430@@YAXXZ,,0x00013430,15,Code/gen_asm/d_000112aa.asm,matched,gen-dump;ghidra=FUN_00413430
?d_00013440@@YAXXZ,,0x00013440,11,Code/gen_asm/d_000112aa.asm,matched,gen-dump;ghidra=FUN_00413440
?d_00013470@@YAXXZ,,0x00013470,30,Code/gen_asm/d_000112aa.asm,matched,gen-dump;ghidra=FUN_00413470
?d_00013490@@YAXXZ,,0x00013490,30,Code/gen_asm/d_000112aa.asm,matched,gen-dump;ghidra=FUN_00413490
?d_000134b0@@YAXXZ,,0x000134B0,30,Code/gen_asm/d_000112aa.asm,matched,gen-dump;ghidra=FUN_004134b0
?d_000134d0@@YAXXZ,,0x000134D0,29,Code/gen_asm/d_000112aa.asm,matched,gen-dump;ghidra=FUN_004134d0
?d_000134f0@@YAXXZ,,0x000134F0,39,Code/gen_asm/d_000112aa.asm,matched,gen-dump;ghidra=FUN_004134f0
?d_00013520@@YAXXZ,,0x00013520,15,Code/gen_asm/d_000112aa.asm,matched,gen-dump;ghidra=FUN_00413520
?d_00013530@@YAXXZ,,0x00013530,30,Code/gen_asm/d_000112aa.asm,matched,gen-dump;ghidra=FUN_00413530
?d_00013550@@YAXXZ,,0x00013550,15,Code/gen_asm/d_000112aa.asm,matched,gen-dump;ghidra=FUN_00413550
?d_00013560@@YAXXZ,,0x00013560,14,Code/gen_asm/d_000112aa.asm,matched,gen-dump;ghidra=FUN_00413560
?d_000135a0@@YAXXZ,,0x000135A0,30,Code/gen_asm/d_000112aa.asm,matched,gen-dump;ghidra=FUN_004135a0
?d_00013600@@YAXXZ,,0x00013600,46,Code/gen_asm/d_000112aa.asm,matched,gen-dump;ghidra=FUN_00413600
?d_00013930@@YAXXZ,,0x00013930,35,Code/gen_asm/d_000112aa.asm,matched,gen-dump;ghidra=FUN_00413930
?d_00013970@@YAXXZ,,0x00013970,180,Code/gen_asm/d_000112aa.asm,matched,gen-dump;ghidra=FUN_00413970
?d_00013a30@@YAXXZ,,0x00013A30,154,Code/gen_asm/d_000112aa.asm,matched,gen-dump;ghidra=FUN_00413a30
?d_00013b30@@YAXXZ,,0x00013B30,112,Code/gen_asm/d_000112aa.asm,matched,gen-dump;ghidra=FUN_00413b30
?d_00013ba0@@YAXXZ,,0x00013BA0,97,Code/gen_asm/d_000112aa.asm,matched,gen-dump;ghidra=FUN_00413ba0
?d_00013c10@@YAXXZ,,0x00013C10,264,Code/gen_asm/d_000112aa.asm,matched,gen-dump;ghidra=FUN_00413c10
?d_00013eb0@@YAXXZ,,0x00013EB0,86,Code/gen_asm/d_000112aa.asm,matched,gen-dump;ghidra=FUN_00413eb0
?d_00013f10@@YAXXZ,,0x00013F10,189,Code/gen_asm/d_000112aa.asm,matched,gen-dump;ghidra=FUN_00413f10
?d_00013fd0@@YAXXZ,,0x00013FD0,54,Code/gen_asm/d_000112aa.asm,matched,gen-dump;ghidra=FUN_00413fd0
?d_000143a0@@YAXXZ,,0x000143A0,35,Code/gen_asm/d_000112aa.asm,matched,gen-dump;ghidra=FUN_004143a0
?zero@ICoord3D@@QAEXXZ,0x00004DCF,0x00004DCF,11,Code/Libraries/Source/WWVegas/WWMath/icoord.cpp,matched,Open-BFME5 clean C++; ICoord3D zero from EA reference
??4ICoord3D@@QAEAAU0@ABU0@@Z,0x0000353A,0x0000353A,18,Code/Libraries/Source/WWVegas/WWMath/icoord.cpp,matched,Open-BFME5 clean C++; ICoord3D aggregate assignment from EA reference
??8ICoord2D@@QBE_NABUICoord2DBase@@@Z,0x00004CAD,0x00004CAD,28,Code/Libraries/Source/WWVegas/WWMath/icoord.cpp,matched,Open-BFME5 clean C++; ICoord2D equality from EA reference
??9ICoord2D@@QBE_NABUICoord2DBase@@@Z,0x00004CC9,0x00004CC9,28,Code/Libraries/Source/WWVegas/WWMath/icoord.cpp,matched,Open-BFME5 clean C++; ICoord2D inequality from EA reference
?length@ICoord3D@@QBEHXZ,0x00004D95,0x00004D95,58,Code/Libraries/Source/WWVegas/WWMath/icoord.cpp,matched,Open-BFME5 clean C++; ICoord3D integer length from EA reference
??6@YAAAVDebug@@AAV0@ABUICoord2DBase@@@Z,0x00005016,0x00005016,70,Code/Libraries/Source/WWVegas/WWMath/icoord.cpp,matched,Open-BFME5 clean C++; ICoord2DBase debug output from EA reference
??6@YAAAVDebug@@AAV0@ABUICoord3D@@@Z,0x00005121,0x00005121,91,Code/Libraries/Source/WWVegas/WWMath/icoord.cpp,matched,Open-BFME5 clean C++; ICoord3D debug output from EA reference
?width@IRegion2D@@QBEHXZ,0x00004D4B,0x00004D4B,6,Code/Libraries/Source/WWVegas/WWMath/region.cpp,matched,Open-BFME5 clean C++; IRegion2D width from EA reference
?height@IRegion2D@@QBEHXZ,0x00004D51,0x00004D51,7,Code/Libraries/Source/WWVegas/WWMath/region.cpp,matched,Open-BFME5 clean C++; IRegion2D height from EA reference
?width@IRegion3D@@QBEHXZ,0x00004E93,0x00004E93,6,Code/Libraries/Source/WWVegas/WWMath/region.cpp,matched,Open-BFME5 clean C++; IRegion3D width from EA reference
?height@IRegion3D@@QBEHXZ,0x00004E99,0x00004E99,7,Code/Libraries/Source/WWVegas/WWMath/region.cpp,matched,Open-BFME5 clean C++; IRegion3D height from EA reference
?depth@IRegion3D@@QBEHXZ,0x00004EA0,0x00004EA0,7,Code/Libraries/Source/WWVegas/WWMath/region.cpp,matched,Open-BFME5 clean C++; IRegion3D depth from EA reference
??8IRegion2D@@QBE_NABU0@@Z,0x00004D58,0x00004D58,44,Code/Libraries/Source/WWVegas/WWMath/region.cpp,matched,Open-BFME5 clean C++; IRegion2D equality from EA reference
??9IRegion2D@@QBE_NABU0@@Z,0x00004D84,0x00004D84,17,Code/Libraries/Source/WWVegas/WWMath/region.cpp,matched,Open-BFME5 clean C++; IRegion2D inequality from EA reference
?width@Region3D@@QBEMXZ,0x00004DDA,0x00004DDA,6,Code/Libraries/Source/WWVegas/WWMath/region.cpp,matched,Open-BFME5 clean C++; Region3D width from pinned BFME1 source
?height@Region3D@@QBEMXZ,0x00004DE0,0x00004DE0,7,Code/Libraries/Source/WWVegas/WWMath/region.cpp,matched,Open-BFME5 clean C++; Region3D height from pinned BFME1 source
?depth@Region3D@@QBEMXZ,0x00004DE7,0x00004DE7,7,Code/Libraries/Source/WWVegas/WWMath/region.cpp,matched,Open-BFME5 clean C++; Region3D depth from pinned BFME1 source
?zero@Region3D@@QAEXXZ,0x00004DEE,0x00004DEE,33,Code/Libraries/Source/WWVegas/WWMath/region.cpp,matched,Open-BFME5 clean C++; Region3D zero from EA source with SSE2 retail codegen
?isInRegionNoZ@Region3D@@QBE_NPBVCoord3D@@@Z,0x00004E0F,0x00004E0F,55,Code/Libraries/Source/WWVegas/WWMath/region.cpp,matched,Open-BFME5 clean C++; Region3D no-Z containment from EA source
?isInRegionWithZ@Region3D@@QBE_NPBVCoord3D@@@Z,0x00004E46,0x00004E46,77,Code/Libraries/Source/WWVegas/WWMath/region.cpp,matched,Open-BFME5 clean C++; Region3D with-Z containment from EA source
?width@Region2D@@QBEMXZ,0x00004C28,0x00004C28,6,Code/Libraries/Source/WWVegas/WWMath/region.cpp,matched,Open-BFME5 clean C++; Region2D width from pinned BFME1 source
?isInside@Region2D@@QBE_NABVCoord2D@@@Z,0x00004C2E,0x00004C2E,55,Code/Libraries/Source/WWVegas/WWMath/region.cpp,matched,Open-BFME5 clean C++; direct Open-BFME-1 Region2D isInside source
?IsExactlyEqualTo@Region2D@@QBE_NABU1@@Z,0x00004C65,0x00004C65,72,Code/Libraries/Source/WWVegas/WWMath/region.cpp,matched,Open-BFME5 clean C++; direct Open-BFME-1 Region2D exact equality source
?expandBy@Region2D@@QAEXABVCoord2D@@@Z,0x00006423,0x00006423,70,Code/Libraries/Source/WWVegas/WWMath/region.cpp,matched,Open-BFME5 clean C++; verbatim Open-BFME-1 Region2D expandBy source
?expandBy@Region3D@@QAEXABVCoord3D@@@Z,0x00006495,0x00006495,103,Code/Libraries/Source/WWVegas/WWMath/region.cpp,matched,Open-BFME5 clean C++; verbatim Open-BFME-1 Region3D expandBy source
??0Region2D@@QAE@ABVCoord2D@@0@Z,0x00004C06,0x00004C06,34,Code/Libraries/Source/WWVegas/WWMath/region.cpp,matched,Open-BFME5 clean C++; Open-BFME-1 Region2D ctor; LineSegment2D export folded alias
??6@YAAAVDebug@@AAV0@ABUIRegion3D@@@Z,0x000051AB,0x000051AB,47,Code/Libraries/Source/WWVegas/WWMath/region.cpp,matched,Open-BFME5 clean C++; Open-BFME-1 IRegion3D Debug streamer
??6@YAAAVDebug@@AAV0@ABVCoord3D@@@Z,0x000050BA,0x000050BA,103,Code/Libraries/Source/WWVegas/WWMath/coord3d.cpp,matched,Open-BFME5 clean C++; Open-BFME-1 Coord3D Debug streamer; RGBColor folded alias
??6@YAAAVDebug@@AAV0@ABURegion3D@@@Z,0x0000517C,0x0000517C,47,Code/Libraries/Source/WWVegas/WWMath/region.cpp,matched,Open-BFME5 clean C++; Open-BFME-1 Region3D Debug streamer
?getAsInt@RGBColor@@QBEHXZ,0x00004EA7,0x00004EA7,56,Code/Libraries/Source/WWVegas/WWMath/color.cpp,matched,Open-BFME5 clean C++; Open-BFME-1 RGBColor getAsInt with BFME2 O1 codegen
?setFromInt@RGBColor@@QAEXH@Z,0x00004EDF,0x00004EDF,76,Code/Libraries/Source/WWVegas/WWMath/color.cpp,matched,Open-BFME5 clean C++; Open-BFME-1 RGBColor setFromInt with BFME2 SSE2 codegen
??8@YA_NABURGBColor@@0@Z,0x00004F2B,0x00004F2B,58,Code/Libraries/Source/WWVegas/WWMath/color.cpp,matched,Open-BFME5 clean C++; Open-BFME-1 RGBColor equality source
??9@YA_NABURGBColor@@0@Z,0x00004F65,0x00004F65,21,Code/Libraries/Source/WWVegas/WWMath/color.cpp,matched,Open-BFME5 clean C++; Open-BFME-1 RGBColor inequality source
??6@YAAAVDebug@@AAV0@ABURGBAColorReal@@@Z,0x000051DA,0x000051DA,125,Code/Libraries/Source/WWVegas/WWMath/color.cpp,matched,
??6@YAAAVDebug@@AAV0@ABURGBAColorInt@@@Z,0x00005257,0x00005257,109,Code/Libraries/Source/WWVegas/WWMath/color.cpp,matched,
??0RGBColorKeyframe@FXParticleSystem@@QAE@XZ,0x00001E67,0x00001E67,24,Code/Libraries/Source/WWVegas/WWMath/color.cpp,matched,
?rad2deg@@YAMM@Z,0x00003524,0x00003524,11,Code/GameEngine/Source/Common/System/Trig.cpp,matched,
?deg2rad@@YAMM@Z,0x0000352F,0x0000352F,11,Code/GameEngine/Source/Common/System/Trig.cpp,matched,
?GetXVector@Matrix4D@@QBEAAVCoord3D@@AAV2@@Z,0x00004BBF,0x00004BBF,23,Code/Libraries/Source/WWVegas/WWMath/matrix4d.cpp,matched,
?GetYVector@Matrix4D@@QBEAAVCoord3D@@AAV2@@Z,0x00004BD6,0x00004BD6,24,Code/Libraries/Source/WWVegas/WWMath/matrix4d.cpp,matched,
?GetZVector@Matrix4D@@QBEAAVCoord3D@@AAV2@@Z,0x00004BEE,0x00004BEE,24,Code/Libraries/Source/WWVegas/WWMath/matrix4d.cpp,matched,
??YICoord2D@@QAEAAU0@ABUICoord2DBase@@@Z,0x00004CE5,0x00004CE5,19,Code/Libraries/Source/WWVegas/WWMath/icoord.cpp,matched,
??ZICoord2D@@QAEAAU0@ABUICoord2DBase@@@Z,0x00004CF8,0x00004CF8,19,Code/Libraries/Source/WWVegas/WWMath/icoord.cpp,matched,
?MoveBy@ICoord2D@@QAEAAU1@H@Z,0x00004D3D,0x00004D3D,14,Code/Libraries/Source/WWVegas/WWMath/icoord.cpp,matched,
??XICoord2D@@QAEAAU0@H@Z,0x00004D0B,0x00004D0B,25,Code/Libraries/Source/WWVegas/WWMath/icoord.cpp,matched,
??_0ICoord2D@@QAEAAU0@H@Z,0x00004D24,0x00004D24,25,Code/Libraries/Source/WWVegas/WWMath/icoord.cpp,matched,
?SetMinVect@Coord3D@@QAEAAV1@XZ,0x00003FA8,0x00003FA8,25,Code/Libraries/Source/WWVegas/WWMath/coord3d.cpp,matched,
?SetMaxVect@Coord3D@@QAEAAV1@XZ,0x00003FC1,0x00003FC1,25,Code/Libraries/Source/WWVegas/WWMath/coord3d.cpp,matched,
?SetZAxis@Coord3D@@QAEAAV1@XZ,0x00003F8C,0x00003F8C,28,Code/Libraries/Source/WWVegas/WWMath/coord3d.cpp,matched,
?SetXAxis@Coord3D@@QAEAAV1@XZ,0x00003F54,0x00003F54,28,Code/Libraries/Source/WWVegas/WWMath/coord3d.cpp,matched,
?SetYAxis@Coord3D@@QAEAAV1@XZ,0x00003F70,0x00003F70,28,Code/Libraries/Source/WWVegas/WWMath/coord3d.cpp,matched,
?SetZero@Coord3D@@QAEAAV1@XZ,0x00003FDA,0x00003FDA,20,Code/Libraries/Source/WWVegas/WWMath/coord3d.cpp,matched,
?Add2D@Coord3D@@QAEAAV1@ABUCoord3DBase@@0@Z,0x00003E04,0x00003E04,40,Code/Libraries/Source/WWVegas/WWMath/coord3d.cpp,matched,
?Sub2D@Coord3D@@QAEAAV1@ABUCoord3DBase@@0@Z,0x00003E2C,0x00003E2C,40,Code/Libraries/Source/WWVegas/WWMath/coord3d.cpp,matched,
?Scale2D@Coord3D@@QAEAAV1@ABUCoord3DBase@@M@Z,0x00003E54,0x00003E54,39,Code/Libraries/Source/WWVegas/WWMath/coord3d.cpp,matched,
?Add@Coord3D@@QAEAAV1@ABVCoord2D@@ABUCoord3DBase@@@Z,0x00003E7B,0x00003E7B,46,Code/Libraries/Source/WWVegas/WWMath/coord3d.cpp,matched,
?Add@Coord3D@@QAEAAV1@ABUCoord3DBase@@ABVCoord2D@@@Z,0x00003EA9,0x00003EA9,46,Code/Libraries/Source/WWVegas/WWMath/coord3d.cpp,matched,
?Sub@Coord3D@@QAEAAV1@ABVCoord2D@@ABUCoord3DBase@@@Z,0x00003ED7,0x00003ED7,53,Code/Libraries/Source/WWVegas/WWMath/coord3d.cpp,matched,
?Sub@Coord3D@@QAEAAV1@ABUCoord3DBase@@ABVCoord2D@@@Z,0x00003F0C,0x00003F0C,46,Code/Libraries/Source/WWVegas/WWMath/coord3d.cpp,matched,
?Set2D@Coord3D@@QAEAAV1@MM@Z,0x00003F3A,0x00003F3A,26,Code/Libraries/Source/WWVegas/WWMath/coord3d.cpp,matched,
?GetLengthSqrd2D@Coord3D@@QBEMXZ,0x000059BF,0x000059BF,20,Code/Libraries/Source/WWVegas/WWMath/coord3d.cpp,matched,
?GetLengthSqrd@Coord3D@@QBEMXZ,0x00005A51,0x00005A51,31,Code/Libraries/Source/WWVegas/WWMath/coord3d.cpp,matched,
?GetLength2D@Coord3D@@QBEMXZ,0x0000599F,0x0000599F,32,Code/Libraries/Source/WWVegas/WWMath/coord3d.cpp,matched,
?GetLength@Coord3D@@QBEMXZ,0x00005A26,0x00005A26,43,Code/Libraries/Source/WWVegas/WWMath/coord3d.cpp,matched,
?Normalize2D@Coord3D@@QAEMXZ,0x00005AB2,0x00005AB2,53,Code/Libraries/Source/WWVegas/WWMath/coord3d.cpp,matched,
?Normalize@Coord3D@@QAEMXZ,0x00005A70,0x00005A70,66,Code/Libraries/Source/WWVegas/WWMath/coord3d.cpp,matched,
??0Coord3D@@QAE@HHH@Z,0x0000354C,0x0000354C,37,Code/Libraries/Source/WWVegas/WWMath/coord3d.cpp,matched,
?set@Coord3D@@QAEXMMM@Z,0x000036AE,0x000036AE,35,Code/Libraries/Source/WWVegas/WWMath/coord3d.cpp,matched,
?sub@Coord3D@@QAEXPBUCoord3DBase@@@Z,0x0000367D,0x0000367D,49,Code/Libraries/Source/WWVegas/WWMath/coord3d.cpp,matched,
??DCoord3D@@QBEMABUCoord3DBase@@@Z,0x00003C42,0x00003C42,27,Code/Libraries/Source/WWVegas/WWMath/coord3d.cpp,matched,
?Add@Coord3D@@QAEAAV1@ABUCoord3DBase@@0@Z,0x00003D04,0x00003D04,55,Code/Libraries/Source/WWVegas/WWMath/coord3d.cpp,matched,
?Sub@Coord3D@@QAEAAV1@ABUCoord3DBase@@0@Z,0x00003D3B,0x00003D3B,55,Code/Libraries/Source/WWVegas/WWMath/coord3d.cpp,matched,
?Scale@Coord3D@@QAEAAV1@ABUCoord3DBase@@M@Z,0x00003DA5,0x00003DA5,55,Code/Libraries/Source/WWVegas/WWMath/coord3d.cpp,matched,
?Negate@Coord3D@@QAEAAV1@XZ,0x00003DDC,0x00003DDC,40,Code/Libraries/Source/WWVegas/WWMath/coord3d.cpp,matched,
?crossProduct@Coord3D@@SAXPBV1@0PAV1@@Z,0x0000360C,0x0000360C,95,Code/Libraries/Source/WWVegas/WWMath/coord3d.cpp,matched,
?length@Coord3D@@QBEMXZ,0x00003571,0x00003571,69,Code/Libraries/Source/WWVegas/WWMath/coord3d.cpp,matched,
??DCoord3D@@QBEMABVCoord2D@@@Z,0x00003C5D,0x00003C5D,19,Code/Libraries/Source/WWVegas/WWMath/coord3d.cpp,matched,
??0Coord3D@@QAE@ABVCoord2D@@@Z,0x00003AB3,0x00003AB3,27,Code/Libraries/Source/WWVegas/WWMath/coord3d.cpp,matched,
?Scale2D@Coord3D@@QAEAAV1@M@Z,0x00003867,0x00003867,35,Code/Libraries/Source/WWVegas/WWMath/coord3d.cpp,matched,
??YCoord3D@@QAEAAV0@ABVCoord2D@@@Z,0x000038B3,0x000038B3,36,Code/Libraries/Source/WWVegas/WWMath/coord3d.cpp,matched,
??ZCoord3D@@QAEAAV0@ABVCoord2D@@@Z,0x000038D7,0x000038D7,36,Code/Libraries/Source/WWVegas/WWMath/coord3d.cpp,matched,
??YCoord3D@@QAEAAV0@ABUCoord3DBase@@@Z,0x00003CD1,0x00003CD1,51,Code/Libraries/Source/WWVegas/WWMath/coord3d.cpp,matched,
??8Coord3D@@QBE_NABV0@@Z,0x00003702,0x00003702,57,Code/Libraries/Source/WWVegas/WWMath/coord3d.cpp,matched,
?SetZero@Coord2D@@QAEAAV1@XZ,0x00003AA4,0x00003AA4,15,Code/Libraries/Source/WWVegas/WWMath/coord2d.cpp,matched,
?Scale@Coord3D@@QAEAAV1@M@Z,0x00003D72,0x00003D72,51,Code/Libraries/Source/WWVegas/WWMath/coord3d.cpp,matched,
?zero@Coord3D@@QAEXXZ,0x0000366B,0x0000366B,18,Code/Libraries/Source/WWVegas/WWMath/coord3d.cpp,matched,
?normalize@Coord3D@@QAEXXZ,0x000035B6,0x000035B6,86,Code/Libraries/Source/WWVegas/WWMath/coord3d.cpp,matched,
?GetLengthEstimate2D@Coord3D@@QBEMXZ,0x000037D1,0x000037D1,108,Code/Libraries/Source/WWVegas/WWMath/coord3d.cpp,matched,
??0Coord2D@@QAE@HH@Z,0x0000373B,0x0000373B,26,Code/Libraries/Source/WWVegas/WWMath/coord2d.cpp,matched,
?Negate@Coord2D@@QAEAAV1@XZ,0x000038FB,0x000038FB,27,Code/Libraries/Source/WWVegas/WWMath/coord2d.cpp,matched,
?IsExactlyEqualTo@Coord2D@@QBE_NABV1@@Z,0x0000383D,0x0000383D,42,Code/Libraries/Source/WWVegas/WWMath/coord2d.cpp,matched,
?SetXAxis@Coord2D@@QAEAAV1@XZ,0x00003A4E,0x00003A4E,23,Code/Libraries/Source/WWVegas/WWMath/coord2d.cpp,matched,
?SetYAxis@Coord2D@@QAEAAV1@XZ,0x00003A65,0x00003A65,23,Code/Libraries/Source/WWVegas/WWMath/coord2d.cpp,matched,
?SetMinVect@Coord2D@@QAEAAV1@XZ,0x00003A7C,0x00003A7C,20,Code/Libraries/Source/WWVegas/WWMath/coord2d.cpp,matched,
?SetMaxVect@Coord2D@@QAEAAV1@XZ,0x00003A90,0x00003A90,20,Code/Libraries/Source/WWVegas/WWMath/coord2d.cpp,matched,
??_0Coord2D@@QAEAAV0@M@Z,0x0000388A,0x0000388A,41,Code/Libraries/Source/WWVegas/WWMath/coord2d.cpp,matched,
?length@Coord2D@@QBEMXZ,0x00003755,0x00003755,53,Code/Libraries/Source/WWVegas/WWMath/coord2d.cpp,matched,
?Rotate@Coord2D@@QAEAAV1@MM@Z,0x0000397B,0x0000397B,64,Code/Libraries/Source/WWVegas/WWMath/coord2d.cpp,matched,
?Rotate@Coord2D@@QAEAAV1@AAV1@MM@Z,0x00003A0B,0x00003A0B,67,Code/Libraries/Source/WWVegas/WWMath/coord2d.cpp,matched,
??6@YAAAVDebug@@AAV0@ABVCoord2D@@@Z,0x00004FC8,0x00004FC8,78,Code/Libraries/Source/WWVegas/WWMath/coord2d.cpp,matched,
?normalize@Coord2D@@QAEXXZ,0x0000378A,0x0000378A,71,Code/Libraries/Source/WWVegas/WWMath/coord2d.cpp,matched,
?set@?$StringBase@D@@QAEXD@Z,0x0000561A,0x0000561A,15,Code/Libraries/Source/WWVegas/WWLib/string_base.cpp,matched,
?concat@?$StringBase@D@@QAEXD@Z,0x0000564E,0x0000564E,15,Code/Libraries/Source/WWVegas/WWLib/string_base.cpp,matched,
?set@?$StringBase@G@@QAEXG@Z,0x00005683,0x00005683,15,Code/Libraries/Source/WWVegas/WWLib/string_base.cpp,matched,
?concat@?$StringBase@G@@QAEXG@Z,0x000056B8,0x000056B8,15,Code/Libraries/Source/WWVegas/WWLib/string_base.cpp,matched,
?getLength@?$StringBase@D@@QBEHXZ,0x00005808,0x00005808,14,Code/Libraries/Source/WWVegas/WWLib/string_base.cpp,matched,
?str@?$StringBase@D@@QBEPBDXZ,0x000023EE,0x000023EE,16,Code/Libraries/Source/WWVegas/WWLib/string_base.cpp,matched,
?str@?$StringBase@G@@QBEPBGXZ,0x000023FE,0x000023FE,16,Code/Libraries/Source/WWVegas/WWLib/string_base.cpp,matched,
?compare@?$StringBase@D@@QBEHABV1@@Z,0x000069D6,0x000069D6,42,Code/Libraries/Source/WWVegas/WWLib/string_base.cpp,matched,
?concat@?$StringBase@D@@QAEXABV1@@Z,0x00006987,0x00006987,42,Code/Libraries/Source/WWVegas/WWLib/string_base.cpp,matched,
?compareNoCase@?$StringBase@D@@QBEHABV1@@Z,0x00006A00,0x00006A00,42,Code/Libraries/Source/WWVegas/WWLib/string_base.cpp,matched,
?concat@?$StringBase@G@@QAEXABV1@@Z,0x00006A2A,0x00006A2A,42,Code/Libraries/Source/WWVegas/WWLib/string_base.cpp,matched,
?compare@?$StringBase@G@@QBEHABV1@@Z,0x00006A7A,0x00006A7A,42,Code/Libraries/Source/WWVegas/WWLib/string_base.cpp,matched,
?compareNoCase@?$StringBase@G@@QBEHABV1@@Z,0x00006AA4,0x00006AA4,42,Code/Libraries/Source/WWVegas/WWLib/string_base.cpp,matched,
?compare@?$StringBase@D@@QBEHPBD@Z,0x000069B1,0x000069B1,37,Code/Libraries/Source/WWVegas/WWLib/string_base.cpp,matched,
?compare@?$StringBase@G@@QBEHPBG@Z,0x00006A54,0x00006A54,38,Code/Libraries/Source/WWVegas/WWLib/string_base.cpp,matched,
?Detach@CImage@ATL@@QAEPAUHBITMAP__@@XZ,,0x000015A6,34,Code/Libraries/Source/ATL/atlimage.cpp,matched,vendored=atl-7.1
?GetDC@CDCCache@CImage@ATL@@QAEPAUHDC__@@XZ,,0x00001514,38,Code/Libraries/Source/ATL/atlimage.cpp,matched,vendored=atl-7.1
?ReleaseDC@CDCCache@CImage@ATL@@QAEXPAUHDC__@@@Z,,0x0000153A,46,Code/Libraries/Source/ATL/atlimage.cpp,matched,vendored=atl-7.1
?GetDC@CImage@ATL@@QBEPAUHDC__@@XZ,,0x000015C8,43,Code/Libraries/Source/ATL/atlimage.cpp,matched,vendored=atl-7.1
?ReleaseDC@CImage@ATL@@QBEXXZ,,0x000015F3,39,Code/Libraries/Source/ATL/atlimage.cpp,matched,vendored=atl-7.1
?SetColorTable@CImage@ATL@@QAEXIIPBUtagRGBQUAD@@@Z,,0x0000161A,40,Code/Libraries/Source/ATL/atlimage.cpp,matched,vendored=atl-7.1
?IncreaseCImageCount@CInitGDIPlus@CImage@ATL@@QAEXXZ,,0x000014D5,27,Code/Libraries/Source/ATL/atlimage.cpp,matched,vendored=atl-7.1
?ReleaseGDIPlus@CInitGDIPlus@CImage@ATL@@QAEXXZ,,0x000014AE,39,Code/Libraries/Source/ATL/atlimage.cpp,matched,vendored=atl-7.1
?DecreaseCImageCount@CInitGDIPlus@CImage@ATL@@QAEXXZ,,0x000014F0,36,Code/Libraries/Source/ATL/atlimage.cpp,matched,vendored=atl-7.1
?UpdateBitmapInfo@CImage@ATL@@AAEXW4DIBOrientation@12@@Z,,0x00001642,174,Code/Libraries/Source/ATL/atlimage.cpp,matched,vendored=atl-7.1
??4AsciiString@@QAEAAV0@ABV0@@Z,0x00001733,0x00001733,18,Code/Libraries/Source/WWVegas/WWLib/ascii_string.cpp,matched,
??4AsciiString@@QAEAAV0@D@Z,0x000065CA,0x000065CA,30,Code/Libraries/Source/WWVegas/WWLib/ascii_string.cpp,matched,
??YAsciiString@@QAEAAV0@D@Z,0x000065FA,0x000065FA,30,Code/Libraries/Source/WWVegas/WWLib/ascii_string.cpp,matched,
??0AsciiString@@QAE@PBD@Z,0x0000654A,0x0000654A,18,Code/Libraries/Source/WWVegas/WWLib/ascii_string.cpp,matched,
??0AsciiString@@QAE@D@Z,0x00006572,0x00006572,18,Code/Libraries/Source/WWVegas/WWLib/ascii_string.cpp,matched,
??0AsciiString@@QAE@PBDH@Z,0x0000655C,0x0000655C,22,Code/Libraries/Source/WWVegas/WWLib/ascii_string.cpp,matched,
??0AsciiString@@QAE@ABV0@HH@Z,0x00006584,0x00006584,26,Code/Libraries/Source/WWVegas/WWLib/ascii_string.cpp,matched,
??0AsciiString@@QAE@PBDHH@Z,0x0000659E,0x0000659E,26,Code/Libraries/Source/WWVegas/WWLib/ascii_string.cpp,matched,
??YAsciiString@@QAEAAV0@ABV0@@Z,0x00006D12,0x00006D12,18,Code/Libraries/Source/WWVegas/WWLib/ascii_string.cpp,matched,
??4AsciiString@@QAEAAV0@PBD@Z,0x000065B8,0x000065B8,18,Code/Libraries/Source/WWVegas/WWLib/ascii_string.cpp,matched,
??YAsciiString@@QAEAAV0@PBD@Z,0x000065E8,0x000065E8,18,Code/Libraries/Source/WWVegas/WWLib/ascii_string.cpp,matched,
?set@?$StringBase@D@@QAEXPBD@Z,0x000055F5,0x000055F5,37,Code/Libraries/Source/WWVegas/WWLib/string_base.cpp,matched,
?concat@?$StringBase@D@@QAEXPBD@Z,0x00005629,0x00005629,37,Code/Libraries/Source/WWVegas/WWLib/string_base.cpp,matched,
?set@?$StringBase@G@@QAEXPBG@Z,0x0000565D,0x0000565D,38,Code/Libraries/Source/WWVegas/WWLib/string_base.cpp,matched,
?concat@?$StringBase@G@@QAEXPBG@Z,0x00005692,0x00005692,38,Code/Libraries/Source/WWVegas/WWLib/string_base.cpp,matched,
??0EventModuleInfo@FXParticleSystem@@QAE@XZ,0x00001236,0x00001236,10,Code/GameEngine/Source/GameClient/System/FXParticleSystem/fx_particle_system.cpp,matched,
?GetSnapshotName@ParticleSystemInfo@FXParticleSystem@@UAEPBDXZ,0x00001272,0x00001272,6,Code/GameEngine/Source/GameClient/System/FXParticleSystem/fx_particle_system.cpp,matched,
?Determinant@Matrix4D@@QBEMXZ,0x0000424D,0x0000424D,188,Code/Libraries/Source/WWVegas/WWMath/matrix4d.cpp,matched,
?Transpose@Matrix4D@@QAEAAV1@XZ,0x000041DE,0x000041DE,111,Code/Libraries/Source/WWVegas/WWMath/matrix4d.cpp,matched,
?RotateCoord@Matrix4D@@QAEAAVCoord3D@@ABV2@AAV2@@Z,0x00004753,0x00004753,135,Code/Libraries/Source/WWVegas/WWMath/matrix4d.cpp,matched,
?TransformCoord@Matrix4D@@QAEAAVCoord3D@@ABV2@AAV2@@Z,0x000046BD,0x000046BD,150,Code/Libraries/Source/WWVegas/WWMath/matrix4d.cpp,matched,
??0Matrix4D@@QAE@ABV0@@Z,0x00005B4D,0x00005B4D,107,Code/Libraries/Source/WWVegas/WWMath/matrix4d.cpp,matched,
??0Matrix4D@@QAE@MMMMMMMMMMMMMMMM@Z,0x00005C2C,0x00005C2C,168,Code/Libraries/Source/WWVegas/WWMath/matrix4d.cpp,matched,
??XMatrix4D@@QAEAAV0@M@Z,0x000044F5,0x000044F5,233,Code/Libraries/Source/WWVegas/WWMath/matrix4d.cpp,matched,
??YMatrix4D@@QAEAAV0@ABV0@@Z,0x00004309,0x00004309,246,Code/Libraries/Source/WWVegas/WWMath/matrix4d.cpp,matched,
??ZMatrix4D@@QAEAAV0@ABV0@@Z,0x000043FF,0x000043FF,246,Code/Libraries/Source/WWVegas/WWMath/matrix4d.cpp,matched,
??_0Matrix4D@@QAEAAV0@M@Z,0x000045DE,0x000045DE,223,Code/Libraries/Source/WWVegas/WWMath/matrix4d.cpp,matched,
?Inverse@Matrix4D@@QAEMXZ,0x00005CD4,0x00005CD4,1497,Code/Libraries/Source/WWVegas/WWMath/matrix4d.cpp,matched,
?pubimbue@?$basic_streambuf@GV?$char_traits@G@_STL@@@_STL@@QAE?AVlocale@2@ABV32@@Z,,0x00013660,132,Code/Libraries/Source/WWVegas/WWLib/stlport_wide_streambuf_pubimbue.cpp,matched,vendored=stlport-4.5.3;wide basic_streambuf pubimbue upstream body
?push_back@?$basic_string@DV?$char_traits@D@_STL@@V?$allocator@D@2@@_STL@@QAEXD@Z,,0x0000C330,84,Code/Libraries/Source/WWVegas/WWLib/stlport_narrow_string_push_back.cpp,matched,vendored=stlport-4.5.3;narrow basic_string push_back upstream body
_free,,0x00030830,17,Code/GameEngine/Source/Common/System/GameMemoryFree.cpp,matched,Open-BFME-1 GameMemory.cpp MEMORYPOOL_OVERRIDE_MALLOC free wrapper; game allocator class 3
??1?$basic_string@DV?$char_traits@D@_STL@@V?$allocator@D@2@@_STL@@QAE@XZ,,0x00142D70,14,Code/Libraries/Source/WWVegas/WWLib/stlport_narrow_num_get_double.cpp,matched,STLport 4.5.3 narrow string destructor selected by the 0x0000FCC0 unwind map; calls GameMemory free
?do_get@?$num_get@DV?$istreambuf_iterator@DV?$char_traits@D@_STL@@@_STL@@@_STL@@MBE?AV?$istreambuf_iterator@DV?$char_traits@D@_STL@@@2@V32@0AAVios_base@2@AAHAAN@Z,,0x0000FCC0,191,Code/Libraries/Source/WWVegas/WWLib/stlport_narrow_num_get_double.cpp,matched,vendored=stlport-4.5.3;narrow num_get double upstream body
?do_get@?$num_get@DV?$istreambuf_iterator@DV?$char_traits@D@_STL@@@_STL@@@_STL@@MBE?AV?$istreambuf_iterator@DV?$char_traits@D@_STL@@@2@V32@0AAVios_base@2@AAHAAM@Z,,0x0000FD80,191,Code/Libraries/Source/WWVegas/WWLib/stlport_narrow_num_get_double.cpp,matched,vendored=stlport-4.5.3;narrow num_get float upstream body
??$_M_do_put_float@DV?$ostreambuf_iterator@DV?$char_traits@D@_STL@@@_STL@@O@_STL@@YA?AV?$ostreambuf_iterator@DV?$char_traits@D@_STL@@@0@V10@AAVios_base@0@DO@Z,,0x0000FE80,222,Code/Libraries/Source/WWVegas/WWLib/stlport_narrow_num_get_double.cpp,matched,vendored=stlport-4.6;narrow long double output formatter upstream body
??$__put_float@V?$ostreambuf_iterator@DV?$char_traits@D@_STL@@@_STL@@@_STL@@YA?AV?$ostreambuf_iterator@DV?$char_traits@D@_STL@@@0@PAD0V10@AAVios_base@0@DDDABV?$basic_string@DV?$char_traits@D@_STL@@V?$allocator@D@2@@0@@Z,,0x0000FF60,280,Code/Libraries/Source/WWVegas/WWLib/stlport_narrow_num_get_double.cpp,matched,vendored=stlport-4.6;narrow float grouping and padding helper
??$__find@PADD@_STL@@YAPADPAD0ABDABUrandom_access_iterator_tag@0@@Z,,0x00010080,105,Code/Libraries/Source/WWVegas/WWLib/stlport_narrow_num_get_double.cpp,matched,vendored=stlport-4.6;narrow random-access find helper upstream body
??$__copy_float_and_fill@DV?$ostreambuf_iterator@DV?$char_traits@D@_STL@@@_STL@@@_STL@@YA?AV?$ostreambuf_iterator@DV?$char_traits@D@_STL@@@0@PBD0V10@HHDDD@Z,,0x000100F0,300,Code/Libraries/Source/WWVegas/WWLib/stlport_narrow_copy_float_and_fill.cpp,matched,vendored=stlport-4.6;narrow float copy-and-fill helper upstream-equivalent body
??$_M_do_put_float@DV?$ostreambuf_iterator@DV?$char_traits@D@_STL@@@_STL@@N@_STL@@YA?AV?$ostreambuf_iterator@DV?$char_traits@D@_STL@@@0@V10@AAVios_base@0@DN@Z,,0x00010260,222,Code/Libraries/Source/WWVegas/WWLib/stlport_narrow_num_get_double.cpp,matched,vendored=stlport-4.6;narrow double output formatter upstream body
?do_get@?$num_get@GV?$istreambuf_iterator@GV?$char_traits@G@_STL@@@_STL@@@_STL@@MBE?AV?$istreambuf_iterator@GV?$char_traits@G@_STL@@@2@V32@0AAVios_base@2@AAHAAO@Z,,0x00010340,217,Code/Libraries/Source/WWVegas/WWLib/stlport_wide_num_get_long_double.cpp,matched,vendored=stlport-4.5.3;wide long-double numeric input upstream body
??$_M_read_float@V?$istreambuf_iterator@GV?$char_traits@G@_STL@@@_STL@@G@_STL@@YA_NAAV?$basic_string@DV?$char_traits@D@_STL@@V?$allocator@D@2@@0@AAV?$istreambuf_iterator@GV?$char_traits@G@_STL@@@0@1AAVios_base@0@PAG@Z,,0x00010420,493,Code/Libraries/Source/WWVegas/WWLib/stlport_wide_read_float.cpp,matched,vendored=stlport-4.5.3;wide floating-point scanner upstream-equivalent body
?equal@?$istreambuf_iterator@GV?$char_traits@G@_STL@@@_STL@@QBE_NABV12@@Z,,0x00010610,46,Code/Libraries/Source/WWVegas/WWLib/stlport_wide_istreambuf_iterator_equal.cpp,matched,vendored=stlport-4.5.3;wide istreambuf_iterator equality member upstream body
??$__copy_sign@V?$istreambuf_iterator@GV?$char_traits@G@_STL@@@_STL@@G@_STL@@YA?AV?$istreambuf_iterator@GV?$char_traits@G@_STL@@@0@V10@0AAV?$basic_string@DV?$char_traits@D@_STL@@V?$allocator@D@2@@0@GG@Z,,0x00010640,89,Code/Libraries/Source/WWVegas/WWLib/stlport_wide_copy_sign.cpp,matched,vendored=stlport-4.5.3;wide floating-point sign scanner upstream body
??$__copy_grouped_digits@V?$istreambuf_iterator@GV?$char_traits@G@_STL@@@_STL@@G@_STL@@YA_NAAV?$istreambuf_iterator@GV?$char_traits@G@_STL@@@0@0AAV?$basic_string@DV?$char_traits@D@_STL@@V?$allocator@D@2@@0@PBGGABV20@AA_N@Z,,0x000106A0,303,Code/Libraries/Source/WWVegas/WWLib/stlport_wide_copy_grouped_digits.cpp,matched,vendored=stlport-4.5.3;wide grouped-digit scanner upstream body
??$__copy_digits@V?$istreambuf_iterator@GV?$char_traits@G@_STL@@@_STL@@G@_STL@@YA_NAAV?$istreambuf_iterator@GV?$char_traits@G@_STL@@@0@0AAV?$basic_string@DV?$char_traits@D@_STL@@V?$allocator@D@2@@0@PBG@Z,,0x000107D0,195,Code/Libraries/Source/WWVegas/WWLib/stlport_wide_copy_digits.cpp,matched,vendored=stlport-4.5.3;wide digit scanner upstream body
?do_get@?$num_get@GV?$istreambuf_iterator@GV?$char_traits@G@_STL@@@_STL@@@_STL@@MBE?AV?$istreambuf_iterator@GV?$char_traits@G@_STL@@@2@V32@0AAVios_base@2@AAHAAN@Z,,0x000108A0,191,Code/Libraries/Source/WWVegas/WWLib/stlport_wide_num_get_double.cpp,matched,vendored=stlport-4.5.3;wide double numeric input upstream body
?do_get@?$num_get@GV?$istreambuf_iterator@GV?$char_traits@G@_STL@@@_STL@@@_STL@@MBE?AV?$istreambuf_iterator@GV?$char_traits@G@_STL@@@2@V32@0AAVios_base@2@AAHAAM@Z,,0x00010960,191,Code/Libraries/Source/WWVegas/WWLib/stlport_wide_num_get_float.cpp,matched,vendored=stlport-4.5.3;wide float numeric input upstream body
??$__put_integer@V?$ostreambuf_iterator@GV?$char_traits@G@_STL@@@_STL@@@_STL@@YA?AV?$ostreambuf_iterator@GV?$char_traits@G@_STL@@@0@PAD0V10@AAVios_base@0@HG@Z,,0x00010A70,332,Code/Libraries/Source/WWVegas/WWLib/stlport_wide_put_integer.cpp,matched,vendored=stlport-4.5.3;wide integer formatter upstream body
??$_M_do_put_float@GV?$ostreambuf_iterator@GV?$char_traits@G@_STL@@@_STL@@O@_STL@@YA?AV?$ostreambuf_iterator@GV?$char_traits@G@_STL@@@0@V10@AAVios_base@0@GO@Z,,0x00010CF0,224,Code/Libraries/Source/WWVegas/WWLib/stlport_wide_num_put_long_double.cpp,matched,vendored=stlport-4.5.3;wide long-double output formatter upstream body
??$__put_float@V?$ostreambuf_iterator@GV?$char_traits@G@_STL@@@_STL@@@_STL@@YA?AV?$ostreambuf_iterator@GV?$char_traits@G@_STL@@@0@PAD0V10@AAVios_base@0@GGGABV?$basic_string@DV?$char_traits@D@_STL@@V?$allocator@D@2@@0@@Z,,0x00010DD0,393,Code/Libraries/Source/WWVegas/WWLib/stlport_wide_put_float.cpp,matched,vendored=stlport-4.6;wide float conversion grouping and padding helper
??$__find@PAGG@_STL@@YAPAGPAG0ABGABUrandom_access_iterator_tag@0@@Z,,0x00010F60,119,Code/Libraries/Source/WWVegas/WWLib/stlport_wide_find.cpp,matched,vendored=stlport-4.5.3;wide random-access find upstream body
??$__copy_float_and_fill@GV?$ostreambuf_iterator@GV?$char_traits@G@_STL@@@_STL@@@_STL@@YA?AV?$ostreambuf_iterator@GV?$char_traits@G@_STL@@@0@PBG0V10@HHGGG@Z,,0x00010FE0,300,Code/Libraries/Source/WWVegas/WWLib/stlport_wide_copy_float_and_fill.cpp,matched,vendored=stlport-4.6;wide float copy-and-fill helper upstream-equivalent body
??$_M_do_put_float@GV?$ostreambuf_iterator@GV?$char_traits@G@_STL@@@_STL@@N@_STL@@YA?AV?$ostreambuf_iterator@GV?$char_traits@G@_STL@@@0@V10@AAVios_base@0@GN@Z,,0x00011150,224,Code/Libraries/Source/WWVegas/WWLib/stlport_wide_num_put_double.cpp,matched,vendored=stlport-4.6;wide double output formatter upstream body
??$_M_do_get_integer@V?$istreambuf_iterator@DV?$char_traits@D@_STL@@@_STL@@_KD@_STL@@YA?AV?$istreambuf_iterator@DV?$char_traits@D@_STL@@@0@AAV10@0AAVios_base@0@AAHAA_KPAD@Z,,0x00007B30,260,Code/Libraries/Source/WWVegas/WWLib/stlport_narrow_do_get_integer_uint64.cpp,matched,vendored=stlport-4.5.3;narrow unsigned 64-bit integer scanner upstream body
??$_M_do_get_integer@V?$istreambuf_iterator@DV?$char_traits@D@_STL@@@_STL@@_JD@_STL@@YA?AV?$istreambuf_iterator@DV?$char_traits@D@_STL@@@0@AAV10@0AAVios_base@0@AAHAA_JPAD@Z,,0x00008120,260,Code/Libraries/Source/WWVegas/WWLib/stlport_narrow_do_get_integer_int64.cpp,matched,vendored=stlport-4.5.3;narrow signed 64-bit integer scanner upstream body
??$_M_do_get_integer@V?$istreambuf_iterator@DV?$char_traits@D@_STL@@@_STL@@GD@_STL@@YA?AV?$istreambuf_iterator@DV?$char_traits@D@_STL@@@0@AAV10@0AAVios_base@0@AAHAAGPAD@Z,,0x000087A0,251,Code/Libraries/Source/WWVegas/WWLib/stlport_narrow_do_get_integer_uint16.cpp,matched,vendored=stlport-4.5.3;narrow unsigned-short integer scanner upstream body
??$__get_integer@V?$istreambuf_iterator@DV?$char_traits@D@_STL@@@_STL@@_J@_STL@@YA_NAAV?$istreambuf_iterator@DV?$char_traits@D@_STL@@@0@0HAA_JH_NDABV?$basic_string@DV?$char_traits@D@_STL@@V?$allocator@D@2@@0@ABU__true_type@0@@Z,,0x00008230,537,Code/Libraries/Source/WWVegas/WWLib/stlport_narrow_get_integer_int64.cpp,matched,vendored=stlport-4.5.3;narrow signed 64-bit integer accumulator upstream body
??$_M_do_get_integer@V?$istreambuf_iterator@DV?$char_traits@D@_STL@@@_STL@@KD@_STL@@YA?AV?$istreambuf_iterator@DV?$char_traits@D@_STL@@@0@AAV10@0AAVios_base@0@AAHAAKPAD@Z,,0x000084B0,252,Code/Libraries/Source/WWVegas/WWLib/stlport_narrow_do_get_integer_ulong.cpp,matched,vendored=stlport-4.5.3;narrow unsigned-long integer scanner upstream body
??$__get_integer@V?$istreambuf_iterator@DV?$char_traits@D@_STL@@@_STL@@_K@_STL@@YA_NAAV?$istreambuf_iterator@DV?$char_traits@D@_STL@@@0@0HAA_KH_NDABV?$basic_string@DV?$char_traits@D@_STL@@V?$allocator@D@2@@0@ABU__false_type@0@@Z,,0x00007EE0,522,Code/Libraries/Source/WWVegas/WWLib/stlport_narrow_get_integer_uint64.cpp,matched,vendored=stlport-4.5.3;narrow unsigned 64-bit integer accumulator upstream body
??$__get_integer@V?$istreambuf_iterator@DV?$char_traits@D@_STL@@@_STL@@G@_STL@@YA_NAAV?$istreambuf_iterator@DV?$char_traits@D@_STL@@@0@0HAAGH_NDABV?$basic_string@DV?$char_traits@D@_STL@@V?$allocator@D@2@@0@ABU__false_type@0@@Z,,0x000088A0,399,Code/Libraries/Source/WWVegas/WWLib/stlport_narrow_get_integer_uint16.cpp,matched,vendored=stlport-4.5.3;narrow unsigned-short integer accumulator upstream body
??$_M_do_get_integer@V?$istreambuf_iterator@DV?$char_traits@D@_STL@@@_STL@@JD@_STL@@YA?AV?$istreambuf_iterator@DV?$char_traits@D@_STL@@@0@AAV10@0AAVios_base@0@AAHAAJPAD@Z,,0x00008A60,252,Code/Libraries/Source/WWVegas/WWLib/stlport_narrow_do_get_integer_long.cpp,matched,vendored=stlport-4.5.3;narrow signed-long integer scanner upstream body
??$__get_integer@V?$istreambuf_iterator@DV?$char_traits@D@_STL@@@_STL@@J@_STL@@YA_NAAV?$istreambuf_iterator@DV?$char_traits@D@_STL@@@0@0HAAJH_NDABV?$basic_string@DV?$char_traits@D@_STL@@V?$allocator@D@2@@0@ABU__true_type@0@@Z,,0x00008B60,404,Code/Libraries/Source/WWVegas/WWLib/stlport_narrow_get_integer_long.cpp,matched,vendored=stlport-4.5.3;narrow signed-long integer accumulator upstream body
??1_Locale_impl@_STL@@UAE@XZ,,0x00008D60,21,Code/Libraries/Source/WWVegas/WWLib/stlport_locale_impl_dtor.cpp,matched,vendored=stlport-4.5.3;retail RTTI and scalar deleting destructor confirm _Locale_impl identity
??0?$time_get@DV?$istreambuf_iterator@DV?$char_traits@D@_STL@@@_STL@@@_STL@@QAE@I@Z,,0x00008D80,108,Code/Libraries/Source/WWVegas/WWLib/stlport_narrow_time_get_ctor.cpp,matched,vendored=stlport-4.5.3;narrow time_get default constructor from _time_facets.h
??0?$time_put@DV?$ostreambuf_iterator@DV?$char_traits@D@_STL@@@_STL@@@_STL@@QAE@I@Z,,0x00008DF0,108,Code/Libraries/Source/WWVegas/WWLib/stlport_narrow_time_put_ctor.cpp,matched,vendored=stlport-4.5.3;narrow time_put default constructor from _time_facets.h
??0?$time_get@GV?$istreambuf_iterator@GV?$char_traits@G@_STL@@@_STL@@@_STL@@QAE@I@Z,,0x00008E60,108,Code/Libraries/Source/WWVegas/WWLib/stlport_wide_time_get_ctor.cpp,matched,vendored=stlport-4.5.3;wide time_get default constructor from _time_facets.h
??0?$time_put@GV?$ostreambuf_iterator@GV?$char_traits@G@_STL@@@_STL@@@_STL@@QAE@I@Z,,0x00008ED0,108,Code/Libraries/Source/WWVegas/WWLib/stlport_wide_time_put_ctor.cpp,matched,vendored=stlport-4.5.3;wide time_put default constructor from _time_facets.h
?GetLengthEstimate@Coord3D@@QBEMXZ,0x00003ACE,0x00003ACE,372,Code/Libraries/Source/WWVegas/WWMath/coord3d.cpp,matched,clean C++ three-axis length estimate
??$__write_integer_backward@_K@_STL@@YAPADPADH_K@Z,,0x0000CF60,238,Code/Libraries/Source/WWVegas/WWLib/stlport_write_integer_backward.cpp,matched,vendored=stlport-4.5.3;unsigned 64-bit integer formatter upstream body
??$__write_decimal_backward@_J@_STL@@YAPADPAD_JHABU__true_type@0@@Z,,0x0000D250,124,Code/Libraries/Source/WWVegas/WWLib/stlport_write_integer_backward.cpp,matched,vendored=stlport-4.5.3;signed 64-bit decimal formatter helper
?Rotate@Coord2D@@QAEAAV1@ABV1@M@Z,0x000039BB,0x000039BB,80,Code/Libraries/Source/WWVegas/WWMath/coord2d.cpp,matched,reconstructed=x87 fsincos source rotation;compiler-blocker
??$__copy_sign@V?$istreambuf_iterator@DV?$char_traits@D@_STL@@@_STL@@D@_STL@@YA?AV?$istreambuf_iterator@DV?$char_traits@D@_STL@@@0@V10@0AAV?$basic_string@DV?$char_traits@D@_STL@@V?$allocator@D@2@@0@DD@Z,,0x0000FA80,86,Code/Libraries/Source/WWVegas/WWLib/stlport_narrow_num_get_double.cpp,matched,vendored=stlport-4.5.3;narrow floating-point sign scanner upstream body
?equal@?$istreambuf_iterator@DV?$char_traits@D@_STL@@@_STL@@QBE_NABV12@@Z,,0x0000FA00,126,Code/Libraries/Source/WWVegas/WWLib/stlport_narrow_istreambuf_iterator_equal.cpp,matched,vendored=stlport-4.5.3;narrow istreambuf_iterator equality upstream body
